"id","deviceid","incidentid","type","timestamp","location","status","description"
"e2da8313-e6b1-4cb1-b3ec-173ea547b601","Vehicle-CodewithYu-123","89275171-c50f-480d-8cf2-33f59b26f6ad","Fire","2025-04-09 10:09:07.905","[51.760514481300376,-0.5887644759141882]","Resolved",
"1f797175-3cae-4527-9de8-5285e7cf10ba","Vehicle-CodewithYu-123","4582dafa-ca42-4ff1-9d68-9e9d6382d040","Police","2025-04-09 10:09:47.905","[51.76982726766227,-0.6061539114424331]","Active",
"1589d870-5f29-42f6-a642-5959c2ed383b","Vehicle-CodewithYu-123","4aedf1ce-4e4b-456d-b31b-4bca3dc87e18","Accident","2025-04-09 09:50:43.719","[51.61491103810475,-0.3230718648328474]","Active",
"79ad2621-bff0-4834-b884-d106aa150437","Vehicle-CodewithYu-123","f76e11f9-be68-4f19-a246-602cec628157","Accident","2025-04-09 10:04:51.940","[51.634053529653166,-0.3583310066137131]","Active",
"b3382f17-25ba-4059-8d11-5dff1a4cc23c","Vehicle-CodewithYu-123","6f14483a-0672-4d5e-aec8-34da895a8bb2","Medical","2025-04-09 10:42:02.719","[52.28126520914758,-1.521693516876929]","Resolved",
"daf78cbe-852d-414b-9a01-fe91c9cf4c11","Vehicle-CodewithYu-123","b8873712-57a2-4ec0-b18c-3f59d141ff0f","None","2025-04-09 10:42:33.719","[52.290669885084306,-1.5397741700659155]","Resolved",
"08eeea5f-d767-4dc7-a589-e00368287e5c","Vehicle-CodewithYu-123","cf0476c1-1d1b-443a-8bfb-d62a0ff39c0f","Fire","2025-04-09 10:00:29.940","[51.575991557899684,-0.2509478114993745]","Resolved",
"e0ef76f2-7399-4d0f-9bf6-d540c930735f","Vehicle-CodewithYu-123","f8a88138-b936-4467-9a19-c486af8c85f6","Police","2025-04-09 09:52:40.719","[51.64420116505342,-0.37638614926382447]","Resolved",
"92a08263-1faf-4b8e-944f-5fdf2b8cef24","Vehicle-CodewithYu-123","fccd88ac-cf21-48d9-90c6-fdc1aca5f9a4","Fire","2025-04-09 09:53:33.719","[51.653912743676436,-0.3940451245957878]","Resolved",
"8f372447-9fb0-48b9-b59d-14493f384d34","Vehicle-CodewithYu-123","d69e4bee-1bab-4872-9bbb-27ac30483aed","Accident","2025-04-09 10:14:31.905","[51.82850848943126,-0.7125741301392274]","Active",
"c85a9472-5fb4-499e-8a94-aa03fdf7bf60","Vehicle-CodewithYu-123","3c9c6983-780d-4a75-a259-8507621da025","Police","2025-04-09 10:15:07.905","[51.838469285101816,-0.7304754894732302]","Resolved",
"cbccc161-14d2-495b-94d0-13a6ece178ff","Vehicle-CodewithYu-123","c34540d9-6aaa-4bfb-9b34-989f337722b4","Fire","2025-04-09 09:57:44.940","[51.54643223428317,-0.1984784704950027]","Resolved",
"fa55e755-efe9-48e9-a362-d01d94cf3342","Vehicle-CodewithYu-123","0fc09216-07d5-4cfc-b6f1-fd9624241b31","None","2025-04-09 09:58:36.940","[51.5560755049834,-0.215934295320625]","Active",
"6a5a18e1-045e-4a25-b008-7c199db521b5","Vehicle-CodewithYu-123","086d837a-5d4d-4d55-940d-04f72aa1ee70","Medical","2025-04-09 09:59:30.940","[51.56604811923439,-0.23321744340043518]","Active",
"f3c637e0-e27c-4e3c-aa98-49ffe103258b","Vehicle-CodewithYu-123","e6ddd669-2d81-4b59-ab73-70cddbc926ab","None","2025-04-09 08:21:16.398","[51.51732742679845,-0.14590098924477735]","Active",
"6675da7d-476f-46e3-90f6-6170f8c25932","Vehicle-CodewithYu-123","50ea5fb3-e16e-482a-a358-78c6eedccb1a","Fire","2025-04-09 08:22:08.398","[51.52717667186139,-0.16331096963185496]","Resolved",
"e19d1a78-98cd-4fbc-9dee-0555b2670b9c","Vehicle-CodewithYu-123","8db40a32-4884-4268-9bed-d905c2fc91f1","None","2025-04-09 08:22:49.398","[51.53656688213791,-0.1810570423312176]","Resolved",
"e87bfed5-8d1d-46c3-81e4-24f888f7a5bb","Vehicle-CodewithYu-123","6a18d203-8d94-448a-b56f-f42da95b6216","Fire","2025-04-09 08:23:20.398","[51.54643223428317,-0.1984784704950027]","Resolved",
"ef71948c-bfaa-4021-ac63-cd7aa1c47c1a","Vehicle-CodewithYu-123","8ad63203-8fc4-44b9-91a5-153bfc42d722","None","2025-04-09 08:24:12.398","[51.5560755049834,-0.215934295320625]","Active",
"e7bcdd72-d621-4137-9d4c-c4b880465802","Vehicle-CodewithYu-123","47b004d1-8d2e-4b3d-874a-8c2c46b06903","Medical","2025-04-09 08:25:06.398","[51.56604811923439,-0.23321744340043518]","Active",
"03b2eeba-72b7-4ab2-9362-2fcb2c9b4154","Vehicle-CodewithYu-123","a8580845-112e-4e75-ad2a-d86b22f7a825","Fire","2025-04-09 08:26:05.398","[51.575991557899684,-0.2509478114993745]","Resolved",
"9840bf1c-25b2-402a-b0e5-b5ffcc4eca9e","Vehicle-CodewithYu-123","27b94dc4-b4f7-4814-bf0e-85b86beaa937","None","2025-04-09 08:26:38.398","[51.58537046731186,-0.2690266951239498]","Active",
"95ee31d5-cab0-40ea-8d41-68a88eaa9e68","Vehicle-CodewithYu-123","eac16503-d48f-4013-8cfa-0d64b6baf514","Medical","2025-04-09 08:27:36.398","[51.59533875072212,-0.28703814338096606]","Active",
"ace95ace-f8cd-4525-9aef-3a52790e09c2","Vehicle-CodewithYu-123","8a39a946-4a74-4dec-8ec4-e7900eba7037","Accident","2025-04-09 08:28:26.398","[51.605134432396724,-0.3050577325581683]","Resolved",
"372bc3e8-9253-4de5-9a93-8cf589375c53","Vehicle-CodewithYu-123","38a7ecac-897d-4984-b332-987c732c0447","Accident","2025-04-09 08:29:07.398","[51.61491103810475,-0.3230718648328474]","Active",
"c2221e21-e4c1-4ff0-b012-f0a9bfb747e6","Vehicle-CodewithYu-123","774a522e-fde9-437b-8b0c-131000f6e091","Police","2025-04-09 08:29:54.398","[51.62432742956925,-0.3407225824547486]","Resolved",
"0dcc48af-bf03-4871-9d57-2121c05ba186","Vehicle-CodewithYu-123","09495565-be1e-467d-ab19-d5337ce53366","Accident","2025-04-09 08:30:27.398","[51.634053529653166,-0.3583310066137131]","Active",
"9d516a91-ebfb-42c6-bca3-be4352539941","Vehicle-CodewithYu-123","e44300c5-b77a-421c-821c-a0bf9eb7a686","Police","2025-04-09 08:31:04.398","[51.64420116505342,-0.37638614926382447]","Resolved",
"a26eef68-bec9-4d3e-99a3-184c23b84517","Vehicle-CodewithYu-123","56b4f765-93d8-40b0-8c5e-a120beb50e09","Fire","2025-04-09 08:31:57.398","[51.653912743676436,-0.3940451245957878]","Resolved",
"ae3a7ff9-b493-4900-ae38-ce4863e176e1","Vehicle-CodewithYu-123","e0576ef1-5d61-428c-a194-2fc624c93d47","Fire","2025-04-09 08:32:41.398","[51.66334092597353,-0.4119876365600006]","Active",
"ca9e6847-fe0a-4e86-9961-53aa88bafd4d","Vehicle-CodewithYu-123","6dcba2ef-65a2-40f7-b701-e6dcdb962f11","None","2025-04-09 08:33:38.398","[51.67303534003148,-0.4296322781420296]","Resolved",
"2aa73e0f-83df-4777-a462-55889da8a8e4","Vehicle-CodewithYu-123","23d5b672-adec-44aa-8b1b-e473072e15d6","None","2025-04-09 08:46:01.668","[51.51732742679845,-0.14590098924477735]","Active",
"552f6140-28fd-4ba2-b946-32208830dad1","Vehicle-CodewithYu-123","264f91d2-f0c3-49f4-8751-86b217295087","Fire","2025-04-09 08:46:53.668","[51.52717667186139,-0.16331096963185496]","Resolved",
"aff19a7d-3054-4a60-b243-f954f6394b9d","Vehicle-CodewithYu-123","0e0b0052-3396-4059-ac8e-86c2693bb934","None","2025-04-09 08:47:34.668","[51.53656688213791,-0.1810570423312176]","Resolved",
"e0bc58fb-cbe5-47cc-ae68-187afee92898","Vehicle-CodewithYu-123","42976a21-2e09-47ed-9a04-970fca913a37","Fire","2025-04-09 08:48:05.668","[51.54643223428317,-0.1984784704950027]","Resolved",
"a984298c-39a6-4db3-93ce-aa089b400e5a","Vehicle-CodewithYu-123","69605303-31bf-4ef1-abbc-64322e60f186","None","2025-04-09 08:48:57.668","[51.5560755049834,-0.215934295320625]","Active",
"7449ec9f-d8be-46e9-aef2-2908533cdecc","Vehicle-CodewithYu-123","de5ed4b8-7351-4db2-985f-616799d721a6","Medical","2025-04-09 08:49:51.668","[51.56604811923439,-0.23321744340043518]","Active",
"25fd388b-3295-4f0c-a6b5-3471bac51644","Vehicle-CodewithYu-123","82169e69-d610-4a9c-a9c1-6e4b54b75c83","Fire","2025-04-09 08:50:50.668","[51.575991557899684,-0.2509478114993745]","Resolved",
"d748be87-9a9c-460e-a281-330860fe13ff","Vehicle-CodewithYu-123","7612a705-58bf-4b6c-8f9f-f7dbaa098e95","None","2025-04-09 08:51:23.668","[51.58537046731186,-0.2690266951239498]","Active",
"2ae11a48-130e-4e9a-9fc5-0b3835cb819d","Vehicle-CodewithYu-123","2d26e25b-2571-4207-a85b-ad4ec4467fb8","Medical","2025-04-09 08:52:21.668","[51.59533875072212,-0.28703814338096606]","Active",
"4d5f0bd6-8fa3-4c6d-b417-d78dedce629d","Vehicle-CodewithYu-123","3cfd0fe0-c01f-4daa-9faa-bb41ffbf6091","Accident","2025-04-09 08:53:11.668","[51.605134432396724,-0.3050577325581683]","Resolved",
"ae681f0b-a279-488b-9491-84fc8ff17bfc","Vehicle-CodewithYu-123","8e870b53-e68b-4f6b-a671-ef8358d1d56a","Accident","2025-04-09 08:53:52.668","[51.61491103810475,-0.3230718648328474]","Active",
"3545672e-a649-44f3-973c-6fe64fa92ef2","Vehicle-CodewithYu-123","f29133ef-212f-41c2-b57e-8baa7c731355","Police","2025-04-09 08:54:39.668","[51.62432742956925,-0.3407225824547486]","Resolved",
"7e83ed4d-398d-42e1-9cd7-aad49f747ada","Vehicle-CodewithYu-123","8310573e-ae7b-4401-b2aa-79a380494a7c","Accident","2025-04-09 08:55:12.668","[51.634053529653166,-0.3583310066137131]","Active",
"21943ef6-dec5-47fc-abad-4e44546a15f9","Vehicle-CodewithYu-123","57fa850d-fa1b-4610-a03e-2102d4fe8dcc","Police","2025-04-09 08:55:49.668","[51.64420116505342,-0.37638614926382447]","Resolved",
"da19d35a-abbe-4448-a341-5a094639655a","Vehicle-CodewithYu-123","9194258c-49ca-43a1-91ca-27c6ee9c2eb1","Fire","2025-04-09 08:56:42.668","[51.653912743676436,-0.3940451245957878]","Resolved",
"ee1087db-1290-478b-9ca3-c24c0f43e7b9","Vehicle-CodewithYu-123","801425da-72f0-4f4d-87ef-8c0f5860c027","Fire","2025-04-09 08:57:26.668","[51.66334092597353,-0.4119876365600006]","Active",
"eb790d0a-83fd-4d44-adf7-f721564eb084","Vehicle-CodewithYu-123","fd5d7cb2-cb98-40b9-b7be-bff23435cbf9","None","2025-04-09 08:58:23.668","[51.67303534003148,-0.4296322781420296]","Resolved",
"64221f7f-c42a-4689-bae9-093545911eb6","Vehicle-CodewithYu-123","20d4bc67-12f8-46e2-8e38-bbe63a598211","Fire","2025-04-09 08:59:23.668","[51.68247813685676,-0.447461570316535]","Active",
"b5e2e14a-291c-4b6b-b70a-a098c1648829","Vehicle-CodewithYu-123","351a3541-0df2-4fd5-ad20-88cd7332822c","None","2025-04-09 08:59:58.668","[51.69272691576003,-0.46550745885129446]","Active",
"3af14a91-aca3-4089-a92a-26c9a1a0fe69","Vehicle-CodewithYu-123","570c46f5-362f-4781-9bd2-5147db3a4489","Medical","2025-04-09 09:00:44.668","[51.70243414067537,-0.4830497865620032]","Active",
"b5eb8c10-70bf-4a78-b191-dc8b4cf5e551","Vehicle-CodewithYu-123","7bb64dda-e035-4dc6-b362-394dc42454e0","Medical","2025-04-09 09:01:32.668","[51.711731456132256,-0.5005546273065101]","Active",
"a632524b-a0b0-4510-999a-04428e673f89","Vehicle-CodewithYu-123","d0c189fe-6066-41bb-809a-9e3d5dfa0099","Fire","2025-04-09 09:02:11.668","[51.72145764070526,-0.5181374093442486]","Resolved",
"70cd7982-50c7-41df-8514-b1de0ec2289c","Vehicle-CodewithYu-123","80af7c3b-2264-40de-a05e-68223d158aa7","Accident","2025-04-09 09:02:58.668","[51.73086106937568,-0.5361563733665392]","Active",
"5d90ac73-da56-4e5a-8e42-571c259cd580","Vehicle-CodewithYu-123","1225a000-eca6-4035-8d34-7c915a6be30e","Accident","2025-04-09 09:03:29.668","[51.740783353822984,-0.553453025277167]","Active",
"4f9544c4-6e7e-4820-a483-c67321137c50","Vehicle-CodewithYu-123","720830c4-ac64-4493-aadd-d997f483b533","Accident","2025-04-09 09:04:03.668","[51.751016404762034,-0.5708880056534111]","Resolved",
"8079e350-e020-4907-9b89-eb2b301ed0f9","Vehicle-CodewithYu-123","73815de0-90e9-48a3-b790-6819391eef9a","Fire","2025-04-09 09:04:36.668","[51.760514481300376,-0.5887644759141882]","Resolved",
"3b8f77f9-2b5d-41f5-8745-f113feb318bb","Vehicle-CodewithYu-123","d2424814-180c-4ee8-a857-3d1dd2ea4838","Police","2025-04-09 09:05:16.668","[51.76982726766227,-0.6061539114424331]","Active",
"c51a4c47-5bca-4ddc-b9b2-11c0cef9988c","Vehicle-CodewithYu-123","582bf6f1-6d03-4c4c-8f74-df3a3efa33c1","Medical","2025-04-09 09:05:57.668","[51.7793148404923,-0.6233614595412037]","Resolved",
"3d2ff154-8a2c-4777-a9f9-3f8cb326a07a","Vehicle-CodewithYu-123","656328ed-f98c-4170-9d55-27d62eb845a8","Police","2025-04-09 09:06:53.668","[51.78924432223091,-0.6410877811568436]","Resolved",
"2981181d-184a-45cf-a19c-8f8b167b0005","Vehicle-CodewithYu-123","c14375fe-98dc-454f-8919-39606739b41f","None","2025-04-09 09:07:42.668","[51.79926086729156,-0.6589001038426486]","Active",
"56c80b7b-37bf-4a22-85ff-71065fd91ac1","Vehicle-CodewithYu-123","71530993-321e-48b6-9327-9066ba969b46","Police","2025-04-09 09:08:33.668","[51.80891308876334,-0.6769561300315223]","Resolved",
"f13ca677-8d42-44f3-8aa3-8c9909109dd6","Vehicle-CodewithYu-123","b4c446cb-dc9c-423d-9e51-9c7199502c71","None","2025-04-09 09:09:24.668","[51.81875550124101,-0.6948902899385322]","Resolved",
"e7bfa7e6-fb44-4295-b7c4-99d882d1e0e8","Vehicle-CodewithYu-123","39c20c2d-5793-4718-a159-607c0efd21c9","Accident","2025-04-09 09:10:00.668","[51.82850848943126,-0.7125741301392274]","Active",
"cc1d7ef2-6d4f-4e01-bc57-fcf614784217","Vehicle-CodewithYu-123","f4e6348a-e518-4535-bd10-8008935b6e5f","Police","2025-04-09 09:10:36.668","[51.838469285101816,-0.7304754894732302]","Resolved",
"fb7f9e2e-c1b6-4110-b0b7-a2d915f30945","Vehicle-CodewithYu-123","18855eae-f0a1-4619-9133-0bd568c6ff31","Police","2025-04-09 09:11:28.668","[51.848156937964696,-0.7484539181281389]","Active",
"40302383-d699-4ed8-ae8f-fc257d42a551","Vehicle-CodewithYu-123","ac11c26e-d4e3-4cfa-95bf-29587059d287","None","2025-04-09 09:12:01.668","[51.85800234375873,-0.7656624481136834]","Resolved",
"a13cd3e3-a43f-4593-8660-89d3e215b0cb","Vehicle-CodewithYu-123","6a9ed0e6-0880-4efa-bb93-4d63102c9e6c","Fire","2025-04-09 09:12:59.668","[51.86812091292845,-0.7832405761630726]","Resolved",
"da6ca819-37e3-4bf4-934d-d01d9ea4bc64","Vehicle-CodewithYu-123","d677e34d-a62a-4491-ad5d-ce75e8980150","Police","2025-04-09 09:13:36.668","[51.877848785521714,-0.8006530313004616]","Resolved",
"00f3c513-e649-4ed3-adc3-6c9972939094","Vehicle-CodewithYu-123","825fecfa-34ad-4e26-8f06-214e9f11e94e","Medical","2025-04-09 09:14:07.668","[51.887467666912755,-0.8183131069971105]","Resolved",
"7216f7e2-613d-4dd2-a1ce-d7c0297a037e","Vehicle-CodewithYu-123","1c1531fe-c29e-46ce-9100-df6087d6ab54","Police","2025-04-09 09:15:07.668","[51.89750914203781,-0.8355856590465414]","Active",
"b92f4473-1319-45ef-ac33-e7260cd34226","Vehicle-CodewithYu-123","b5b29cb1-99c6-484b-8655-81d72731d8ef","Medical","2025-04-09 09:15:56.668","[51.907637647700874,-0.8527921174258725]","Resolved",
"1eecf914-99f2-4447-bb2f-dec7cf4861c8","Vehicle-CodewithYu-123","e314638a-5ed4-4b09-8c00-16dd1a8fd57c","Medical","2025-04-09 09:16:36.668","[51.917253000367815,-0.870463418100856]","Active",
"08fbb1e8-c800-490c-b882-0a8822fd68de","Vehicle-CodewithYu-123","6fcf9b0a-efbd-47e5-abd6-a0ec549a5bdf","Fire","2025-04-09 09:17:26.668","[51.92719114446106,-0.8878081850512451]","Resolved",
"eccf7f1e-1bd2-4a82-ad65-68a6ce611614","Vehicle-CodewithYu-123","c3aa595f-7c13-45a1-99f8-8e6e99e276ac","Police","2025-04-09 09:18:01.668","[51.93717860943231,-0.905167286952889]","Resolved",
"af3d45a7-70de-4a14-a111-9481d1dfc17e","Vehicle-CodewithYu-123","e7ea234d-71b5-44b5-ad73-04678b684878","Accident","2025-04-09 09:18:49.668","[51.94740808003085,-0.9230949571757973]","Resolved",
"6e010c12-185b-4b19-bf93-528b66c2e8c9","Vehicle-CodewithYu-123","080c2b6f-e426-47f1-bf25-247e1ae1de50","Fire","2025-04-09 09:19:21.668","[51.95722882527616,-0.9405594358351099]","Resolved",
"86eb4d7c-7394-4ca6-af13-d372f57a51ab","Vehicle-CodewithYu-123","5177e0d0-8426-48ac-85fb-61b2fd29f456","Fire","2025-04-09 09:20:11.668","[51.966692962237246,-0.9581636890881715]","Active",
"f36a796e-da9e-4499-9ac1-e1b411efffa5","Vehicle-CodewithYu-123","5374c2a3-b101-462f-a2b6-d340ba41ffe0","Medical","2025-04-09 09:21:05.668","[51.97625989048644,-0.9758388870879777]","Resolved",
"406b7631-51bc-44c6-9006-e488986c6e42","Vehicle-CodewithYu-123","5ef63b0d-776b-4437-855e-31d7b4bc795c","Police","2025-04-09 09:22:03.668","[51.98582754897448,-0.9933687320800403]","Resolved",
"b4db8927-7eb6-4ac3-924b-4b49757166a7","Vehicle-CodewithYu-123","103fce9e-dd2e-4e17-a55e-be343d3b5094","Medical","2025-04-09 09:22:42.668","[51.995563723524064,-1.0114774888206919]","Resolved",
"fb08a7d3-b8f6-41c4-aad1-3f76b5f14a55","Vehicle-CodewithYu-123","00295e3d-ecf1-469f-ba94-3d96b50ae2a2","None","2025-04-09 09:23:20.668","[52.00555457846625,-1.0293325723937157]","Resolved",
"8de72e5e-1a73-4c06-b253-e4b01e2c4bf6","Vehicle-CodewithYu-123","2f6f254c-3243-44bd-bce7-377dad71b39e","Fire","2025-04-09 09:23:59.668","[52.01582308909671,-1.0466259440303884]","Resolved",
"d62b58cf-d887-4271-b85a-2911c84d4605","Vehicle-CodewithYu-123","ac358927-ec25-441a-b0b3-c71fa8b2ae50","Police","2025-04-09 09:24:38.668","[52.025213676743505,-1.064739678627013]","Active",
"3e50e378-9dcb-4120-b1f6-a750bb375f02","Vehicle-CodewithYu-123","873e12a5-945b-472e-9859-0302edee1d15","Fire","2025-04-09 09:25:12.668","[52.035078697899976,-1.0821792276087567]","Resolved",
"1cc37d19-1be5-4a7f-b1ea-fd9356b7ec30","Vehicle-CodewithYu-123","1cf3085f-d8dd-44b5-a743-337bd6a6e9c5","Fire","2025-04-09 09:26:09.668","[52.04481721236487,-1.0998625066047374]","Resolved",
"6374233e-efcd-4b68-97cc-ed5775ab0753","Vehicle-CodewithYu-123","b304c73b-ef4b-4eb4-afdd-5d3f327cd9cc","Police","2025-04-09 09:26:44.668","[52.05476564050206,-1.1178314495113564]","Active",
"2c6e213a-162a-4a38-83f3-28abc86e1c6b","Vehicle-CodewithYu-123","1e15222b-4be2-4240-a15f-d7360d9aad6f","Fire","2025-04-09 09:27:39.668","[52.06474102542213,-1.1350335384668737]","Active",
"18700d6e-f049-43ae-8d8d-f8fb88b1b9f8","Vehicle-CodewithYu-123","74f463c9-81af-4994-8e26-fcccae05e24c","None","2025-04-09 09:28:28.668","[52.074088663461644,-1.1523669099006413]","Resolved",
"234a4508-bb63-4ca1-8a88-db3f8622a80e","Vehicle-CodewithYu-123","373e39fe-e75c-44b4-b038-2aa3e3add7f4","Accident","2025-04-09 09:29:26.668","[52.08381442232522,-1.1698948732386]","Resolved",
"c53a154e-e2b6-4316-96c7-df96e7469da1","Vehicle-CodewithYu-123","21f50f50-6577-4491-b337-b705ded8b5d3","Police","2025-04-09 09:30:01.668","[52.093678669309824,-1.1872577642344282]","Resolved",
"f123c2d3-5c4a-4238-a087-fcd403d10c57","Vehicle-CodewithYu-123","85e8158c-b4d0-46d6-b9ff-74fbf670af97","Accident","2025-04-09 09:30:34.668","[52.10337501740325,-1.2050627059784715]","Resolved",
"2d995005-0a9b-46ea-927f-7aa2fa01819c","Vehicle-CodewithYu-123","1b541e09-9b1a-4141-a20e-aba827fd8dd7","Police","2025-04-09 09:31:28.668","[52.1129154162542,-1.2230727843770406]","Active",
"b44b16d9-1ae4-43bd-9b79-c4e4ed123c17","Vehicle-CodewithYu-123","64892cdb-565a-4b11-bb15-3e833e347262","None","2025-04-09 09:32:27.668","[52.12240697449255,-1.2406495647379552]","Active",
"11217b18-1283-463f-b66e-66cf7cfc5361","Vehicle-CodewithYu-123","915f20f0-f143-48e6-a829-f3e06f0ce630","Police","2025-04-09 09:33:23.668","[52.1322472259016,-1.2586823555366735]","Resolved",
"918b615f-409c-4176-b993-43b0c3f0fcbf","Vehicle-CodewithYu-123","eecb9040-7ced-46a0-bd21-bf0757b5c1f8","None","2025-04-09 09:34:05.668","[52.14177895680768,-1.276257090459793]","Resolved",
"fa367454-4b8a-4572-85f8-78caeb769e89","Vehicle-CodewithYu-123","4550e919-d68a-4e52-9040-620675158451","Police","2025-04-09 09:34:44.668","[52.151887506280865,-1.29410025147651]","Resolved",
"5b25e0e5-c29c-462b-8d6d-1d735f71dc86","Vehicle-CodewithYu-123","e5fbda01-0932-464b-bc58-2ae90daeb754","Police","2025-04-09 09:35:36.668","[52.16210835853658,-1.311356649793276]","Active",
"b22ea028-1576-4a63-9fed-23386706fde2","Vehicle-CodewithYu-123","6cc4ae56-8ee0-4b11-a4b3-190be3e4d095","Fire","2025-04-09 09:36:22.668","[52.171891687186196,-1.3294456301819304]","Active",
"18ded156-3c2c-4647-b88d-82b9f9dfb677","Vehicle-CodewithYu-123","424fbec0-8134-4872-8442-2b38cd44e467","Police","2025-04-09 09:37:02.668","[52.18164917778718,-1.346602426551356]","Active",
"a6018a78-2933-4c52-8164-f1013dc367e7","Vehicle-CodewithYu-123","4245b862-bc26-4bf0-87ad-da8b3ea69461","Fire","2025-04-09 09:37:53.668","[52.191554637248785,-1.364493656308254]","Resolved",
"e348e646-3b54-480e-836e-6ec2cdce632a","Vehicle-CodewithYu-123","90900dd4-c75f-40c5-809d-58fcaeaf2835","Accident","2025-04-09 09:38:48.668","[52.201746061310836,-1.3825736653395766]","Resolved",
"ce6a1f38-0d79-4592-b400-3e3099ede6ef","Vehicle-CodewithYu-123","032da2a2-6749-4012-babb-0760ad2fa8aa","None","2025-04-09 09:39:47.668","[52.21165377167937,-1.40045883554772]","Active",
"896416df-a78e-4075-a2f8-c2fb6938a014","Vehicle-CodewithYu-123","be5c258f-4922-4e24-9e39-544ca27156ef","Fire","2025-04-09 09:40:35.668","[52.221015633579654,-1.4176395999127853]","Resolved",
"d1ee7c6e-473f-4aa2-a913-3752718b8aff","Vehicle-CodewithYu-123","864bd0f7-af6a-48bd-9303-cc880ce8ba22","None","2025-04-09 09:41:27.668","[52.230875556272004,-1.4351907879826067]","Resolved",
"7116004a-dd02-4c91-aa9d-0115d23e34d8","Vehicle-CodewithYu-123","a41368af-3729-47ba-8995-39353af6689e","Fire","2025-04-09 09:42:21.668","[52.24099639517168,-1.4524138530641568]","Active",
"6c703e49-f565-4e2c-8a6e-77e6b5ef345c","Vehicle-CodewithYu-123","55c1667c-48d3-4d11-b584-49210cd78723","Fire","2025-04-09 09:43:00.668","[52.25118779887575,-1.4698935124552661]","Resolved",
"ee248842-b08f-4f4b-9a63-f00f34670af5","Vehicle-CodewithYu-123","dad42f10-aa27-46d0-9bab-c9e2ab80f19b","Fire","2025-04-09 09:43:56.668","[52.26100665124945,-1.4871060254807844]","Active",
"8ede1d1b-9e30-48ba-92a1-6f553cdfd9e4","Vehicle-CodewithYu-123","794215b7-ac43-48b1-a9b4-a54850681328","Medical","2025-04-09 09:44:38.668","[52.27115479184635,-1.5045078087687087]","Resolved",
"a17acabf-dd31-452e-bfad-958fa4289f60","Vehicle-CodewithYu-123","c9201896-a55d-4a7e-97fc-8d0d931c5615","Medical","2025-04-09 09:45:11.668","[52.28126520914758,-1.521693516876929]","Resolved",
"09b6d5cb-a4f4-4671-9a17-da0596ce64bc","Vehicle-CodewithYu-123","e7c45185-7fcd-4230-b81d-90b80444cc4f","None","2025-04-09 09:45:42.668","[52.290669885084306,-1.5397741700659155]","Resolved",
"d1ab9e6d-e31c-4937-997d-51ed66925645","Vehicle-CodewithYu-123","cf2091b6-034a-4767-a7d4-fefc9ad110a0","Police","2025-04-09 09:46:40.668","[52.30054522542986,-1.5571735709153582]","Active",
"8fd499a7-633c-4f2c-8536-92b52bf1ba96","Vehicle-CodewithYu-123","9b647415-70ba-4d35-84c9-797af3c58bd1","Police","2025-04-09 09:47:31.668","[52.31068867562316,-1.5752002162907521]","Active",
"3b9e4b54-f73d-46ef-b360-8b23c6ce71f4","Vehicle-CodewithYu-123","6d76f6f9-084f-4967-bf2e-72cc434d1c9d","None","2025-04-09 09:48:20.668","[52.32063944436123,-1.592684511823519]","Active",
"38eca665-41bb-45be-a64a-5aa45e288841","Vehicle-CodewithYu-123","81276014-654f-4871-9b60-84b9e2c6b183","Accident","2025-04-09 09:49:14.668","[52.33074049734235,-1.6105775131444728]","Active",
"4c29e66e-404c-42ad-87cf-12422183c63a","Vehicle-CodewithYu-123","96fbeeaa-570c-4dc1-af3d-58851177346a","Medical","2025-04-09 09:49:51.668","[52.34004335766958,-1.627913528480238]","Active",
"f1e4eef3-9225-4b3c-85ed-c02795a36521","Vehicle-CodewithYu-123","e6319713-80ba-470b-b958-886236cc0d43","Police","2025-04-09 09:50:40.668","[52.349783363089486,-1.6458179787238196]","Resolved",
"d48f21da-0416-437e-86b6-2b9d51e42df3","Vehicle-CodewithYu-123","3973aa56-8e56-4f3d-95c0-69a52fa3d174","Medical","2025-04-09 09:51:39.668","[52.35975746058555,-1.6634537098696753]","Resolved",
"3558e492-b8ca-44aa-946f-f045c947d6db","Vehicle-CodewithYu-123","0e87b869-3f52-43cb-baba-2efb1425a83b","Fire","2025-04-09 09:52:23.668","[52.37004008834141,-1.681049153032244]","Resolved",
"b1c2e34b-609a-4788-bdd1-b478f89f2f21","Vehicle-CodewithYu-123","fb4b4535-b9b6-4149-b6b7-3d04e4fa03eb","Police","2025-04-09 09:53:03.668","[52.37977964325738,-1.6989466594578793]","Active",
"51884568-a9fb-49f0-b86a-79f5b03b8c57","Vehicle-CodewithYu-123","ab73ee32-1392-4c21-9c7d-a18ba4b83bfd","Medical","2025-04-09 09:53:46.668","[52.38915886804575,-1.7169872951005476]","Resolved",
"3b2dc774-2df0-4b4a-abe2-88864720a2b7","Vehicle-CodewithYu-123","b766e466-2570-40fc-9f87-1e7d40df7c48","None","2025-04-09 09:54:46.668","[52.399314960194616,-1.7343922344218015]","Resolved",
"ab92c6ab-a720-4dde-a435-e0ae22c95fd8","Vehicle-CodewithYu-123","b3513a31-c9b5-439c-a627-479191590c6b","Medical","2025-04-09 09:55:23.668","[52.40871784550815,-1.7522396662093065]","Resolved",
"a2dee220-3316-4494-bd92-4b5f1bcdc553","Vehicle-CodewithYu-123","4ca5b1bd-0e06-487b-8c7c-c0b785bf322e","Police","2025-04-09 09:55:58.668","[52.418927383029185,-1.7700146427885695]","Resolved",
"43851185-ca0f-468b-84b4-3377544cf006","Vehicle-CodewithYu-123","f1b87a7d-6715-4efb-9c10-aa4fda2af1e8","Accident","2025-04-09 09:56:37.668","[52.42866902881986,-1.7879832335127244]","Resolved",
"ec6b796e-69db-4dc6-87e9-37707a91c03f","Vehicle-CodewithYu-123","4d50aa93-4ac6-4c55-9511-05b0170eb051","None","2025-04-09 09:57:26.668","[52.43840014179419,-1.8056852187396113]","Resolved",
"e7f6b7e9-18f1-44fa-945b-beee804c2059","Vehicle-CodewithYu-123","f056e232-4ad1-4d4d-a463-6b6f048239f3","Police","2025-04-09 09:58:15.668","[52.447733559156795,-1.8234159553435236]","Active",
"5ba21481-877c-43f7-9a59-e08e10a63a65","Vehicle-CodewithYu-123","c24173cf-9ee9-4ef1-91d8-f2774e9dcf69","Accident","2025-04-09 09:58:52.668","[52.45715074485855,-1.841009372995656]","Resolved",
"3b7a9595-a6ac-45b6-8894-b60573769752","Vehicle-CodewithYu-123","8181250e-c1c8-4cab-807c-6701e9976707","Medical","2025-04-09 09:59:44.668","[52.46701450401929,-1.85856197331477]","Active",
"6bd6693e-df90-4d55-9d93-86062d5c81b3","Vehicle-CodewithYu-123","68ddfc08-0a8f-4d84-8019-b23d8e142c71","Accident","2025-04-09 10:00:27.668","[52.47673921579886,-1.8765821101813744]","Active",
"3bea9180-01d5-4d95-8863-c6c9b072a4dd","Vehicle-CodewithYu-123","daf07fc4-cf6b-4218-ac2c-c53799486cf4","None","2025-04-09 09:06:38.188","[51.51732742679845,-0.14590098924477735]","Active",
"847f23e1-02f9-405a-b48f-0e4350a39c44","Vehicle-CodewithYu-123","02599d65-814f-4e9f-8a01-4a918bfc6390","Fire","2025-04-09 09:07:30.188","[51.52717667186139,-0.16331096963185496]","Resolved",
"08f69fac-9f02-4c57-8ff2-cddff2e5895d","Vehicle-CodewithYu-123","a3c92843-f67f-43ed-8ba9-dfc885ea8538","None","2025-04-09 09:08:11.188","[51.53656688213791,-0.1810570423312176]","Resolved",
"c6e69e8d-7774-404a-acc0-3785a30cc0b1","Vehicle-CodewithYu-123","2239764c-4000-4b8f-9217-d7dae6354a2b","Fire","2025-04-09 09:08:42.188","[51.54643223428317,-0.1984784704950027]","Resolved",
"12d5e8e4-a2d1-46de-93e2-76146da45ac9","Vehicle-CodewithYu-123","bb1769ed-3ed4-4f61-8bc6-79e9c8c3a9c1","None","2025-04-09 09:09:34.188","[51.5560755049834,-0.215934295320625]","Active",
"fb5742d1-4a13-4f48-8f50-f0413ec1647e","Vehicle-CodewithYu-123","f7dacb0d-f1b3-4c5d-b3dc-b5325d0d3297","Medical","2025-04-09 09:10:28.188","[51.56604811923439,-0.23321744340043518]","Active",
"e5178b95-2ed6-4560-a5fb-ab880ab78994","Vehicle-CodewithYu-123","bd91f87d-efe9-4f1d-80ca-30594184fbfb","Fire","2025-04-09 09:11:27.188","[51.575991557899684,-0.2509478114993745]","Resolved",
"accab607-9a62-4dac-883f-5fd9df51ef45","Vehicle-CodewithYu-123","ab651e7f-d65c-4ac2-af51-542e23d45dff","None","2025-04-09 09:12:00.188","[51.58537046731186,-0.2690266951239498]","Active",
"96e57bde-6f73-4cfc-856c-48ffcc915f4a","Vehicle-CodewithYu-123","75f8b8fe-1309-4663-a9e4-33c45a758e99","Medical","2025-04-09 09:12:58.188","[51.59533875072212,-0.28703814338096606]","Active",
"649dc2f6-7dc5-415a-b9f4-e182be45d322","Vehicle-CodewithYu-123","2bc08c10-cecd-49c4-9903-d3008269a247","Accident","2025-04-09 09:13:48.188","[51.605134432396724,-0.3050577325581683]","Resolved",
"41df6827-53c5-4b9f-a56a-f20fd1800895","Vehicle-CodewithYu-123","43c1aa34-6825-41f6-8d5a-fd1c7144c1df","Accident","2025-04-09 09:14:29.188","[51.61491103810475,-0.3230718648328474]","Active",
"3a4d039d-0d76-44fb-94f7-472759aa26a1","Vehicle-CodewithYu-123","f64b210a-1d46-45a3-be7c-b311f0ef836d","Police","2025-04-09 09:15:16.188","[51.62432742956925,-0.3407225824547486]","Resolved",
"7846fee9-54ea-477f-ae2f-a6e533e14a5d","Vehicle-CodewithYu-123","ca6a77fb-71e6-4b2a-a03b-5159702f6e60","Accident","2025-04-09 09:15:49.188","[51.634053529653166,-0.3583310066137131]","Active",
"98542c6b-d11a-4746-a218-23b1ca48895b","Vehicle-CodewithYu-123","6d956d93-d19c-4ba4-9ba8-063556f611a9","Police","2025-04-09 09:16:26.188","[51.64420116505342,-0.37638614926382447]","Resolved",
"be027426-890c-445d-94e1-7326dae2f562","Vehicle-CodewithYu-123","7bf33d0a-cbbe-4983-9030-389d21283d2e","Fire","2025-04-09 09:17:19.188","[51.653912743676436,-0.3940451245957878]","Resolved",
"69629bee-b02c-46e8-ba6a-a1ac11d1f109","Vehicle-CodewithYu-123","6dec87b9-287d-4110-9277-5e8b42ba5407","Fire","2025-04-09 09:18:03.188","[51.66334092597353,-0.4119876365600006]","Active",
"aca0d65f-f230-4241-9e6d-59c187fed9de","Vehicle-CodewithYu-123","ed1488f6-e8f4-4df8-a48c-a30c64241144","None","2025-04-09 09:19:00.188","[51.67303534003148,-0.4296322781420296]","Resolved",
"8f8e6dbb-2a30-40c7-a14c-0913ca36e2d1","Vehicle-CodewithYu-123","038c5e1e-d099-40de-9d69-0ef4f4ed79e8","Fire","2025-04-09 09:20:00.188","[51.68247813685676,-0.447461570316535]","Active",
"eb30d466-068f-4a71-b730-37171ac9541f","Vehicle-CodewithYu-123","99e1fd9c-644c-4d0b-80de-f01348f7b82e","None","2025-04-09 09:20:35.188","[51.69272691576003,-0.46550745885129446]","Active",
"50a731a0-c2d9-4901-876f-e52513a12643","Vehicle-CodewithYu-123","76436da4-b7fc-47ad-9519-5052a390416f","Medical","2025-04-09 09:21:21.188","[51.70243414067537,-0.4830497865620032]","Active",
"44635e32-0d5b-4acf-a39a-ecf540a6d2d1","Vehicle-CodewithYu-123","68d78e26-409a-4e67-9ce1-cf370d7b73ef","Medical","2025-04-09 09:22:09.188","[51.711731456132256,-0.5005546273065101]","Active",
"b29dfe35-9c0a-44ad-a860-4e196a92f390","Vehicle-CodewithYu-123","64e8c4c6-f1ba-4c6e-8642-6320751cf26c","None","2025-04-09 09:10:57.591","[51.51732742679845,-0.14590098924477735]","Active",
"0580502e-45f6-4169-a747-50a30bec4fdf","Vehicle-CodewithYu-123","997ce0c1-d8f5-43e4-a248-edb8f6b4e776","Fire","2025-04-09 09:11:49.591","[51.52717667186139,-0.16331096963185496]","Resolved",
"46e325db-01aa-4070-900e-45b55b75f658","Vehicle-CodewithYu-123","3ba0dff4-8089-45b4-8ccc-23b027c166e3","None","2025-04-09 09:12:30.591","[51.53656688213791,-0.1810570423312176]","Resolved",
"322bba10-94c7-4651-9383-34b5feb6b1ca","Vehicle-CodewithYu-123","f9507a9e-84d0-47e1-9326-fa642afd2aa9","Fire","2025-04-09 09:13:01.591","[51.54643223428317,-0.1984784704950027]","Resolved",
"f20386ea-e2f0-48d8-9941-f71282185dff","Vehicle-CodewithYu-123","19dd01f1-2fea-4e18-b362-b1cdc4856f19","None","2025-04-09 09:13:53.591","[51.5560755049834,-0.215934295320625]","Active",
"331fbd92-56d7-4714-8bcd-b76b3366fe3d","Vehicle-CodewithYu-123","129f740a-6f18-4a8e-8eff-e6e1db00d28f","Medical","2025-04-09 09:14:47.591","[51.56604811923439,-0.23321744340043518]","Active",
"80b5e2c6-f3dd-4b9e-ad16-ae0254c69f14","Vehicle-CodewithYu-123","e69210f0-bdf0-4ca9-8ef4-16cac42f429c","Fire","2025-04-09 09:15:46.591","[51.575991557899684,-0.2509478114993745]","Resolved",
"d9aa8d53-37cb-4d7f-9061-63542b6f5c61","Vehicle-CodewithYu-123","f4868365-0d2d-49c0-8fdb-a6002650c099","None","2025-04-09 09:16:19.591","[51.58537046731186,-0.2690266951239498]","Active",
"4534e2dc-ff53-40dd-b06b-1e7bdea23f09","Vehicle-CodewithYu-123","33881776-2f40-4617-ad48-85dc0194a04c","Medical","2025-04-09 09:17:17.591","[51.59533875072212,-0.28703814338096606]","Active",
"d93685eb-a355-4114-b58f-bdaacca78e8e","Vehicle-CodewithYu-123","150c0d7d-1ab6-4c16-a89f-d5254b7bbb0e","Accident","2025-04-09 09:18:07.591","[51.605134432396724,-0.3050577325581683]","Resolved",
"f7983360-b268-47a2-9eb7-984751cef3bd","Vehicle-CodewithYu-123","cb711384-c69d-4a52-9aa2-9eab2e2fee4b","Accident","2025-04-09 09:18:48.591","[51.61491103810475,-0.3230718648328474]","Active",
"4cb5b850-e903-4267-bcfc-c7066cbdc87a","Vehicle-CodewithYu-123","0010c2be-1f6f-4672-bf09-eb5101480353","Police","2025-04-09 09:19:35.591","[51.62432742956925,-0.3407225824547486]","Resolved",
"69c689d2-352f-4a14-83b5-927b90886a42","Vehicle-CodewithYu-123","d66baa68-0ed9-4a2a-a178-54438f103ae1","Accident","2025-04-09 09:20:08.591","[51.634053529653166,-0.3583310066137131]","Active",
"ec365925-25bb-4795-b342-a830c8e250f4","Vehicle-CodewithYu-123","40a4c278-7eb7-4a14-a0eb-df6e9baf3d2d","Police","2025-04-09 09:20:45.591","[51.64420116505342,-0.37638614926382447]","Resolved",
"327e57dd-4222-4ec2-ba45-bbb5679d673c","Vehicle-CodewithYu-123","b7f734d6-644d-4ec5-80ae-5ea731c6d15d","Fire","2025-04-09 09:21:38.591","[51.653912743676436,-0.3940451245957878]","Resolved",
"63bcfe37-3800-4980-b723-3481fbf44cbe","Vehicle-CodewithYu-123","93a774f7-069a-4770-ba7b-3511136023d7","Fire","2025-04-09 09:22:22.591","[51.66334092597353,-0.4119876365600006]","Active",
"da73ecc4-3f8e-498e-82d4-d145428a09d7","Vehicle-CodewithYu-123","5f0d0955-588e-45e7-947b-9d9fdeedd327","None","2025-04-09 09:23:19.591","[51.67303534003148,-0.4296322781420296]","Resolved",
"bc8e4802-caa4-4617-9149-d9be230b20af","Vehicle-CodewithYu-123","c3b9b0ab-3a55-4276-8116-c515e186747c","Fire","2025-04-09 09:24:19.591","[51.68247813685676,-0.447461570316535]","Active",
"761ee2ca-5556-4c2a-b6ed-428703c9e4fd","Vehicle-CodewithYu-123","809ee58f-0ca6-481e-96af-50303afe4aad","None","2025-04-09 09:24:54.591","[51.69272691576003,-0.46550745885129446]","Active",
"a611bf24-4bdb-4f45-b725-ce8338ba1848","Vehicle-CodewithYu-123","6abd8abb-3662-4d22-9091-1676142b718e","Medical","2025-04-09 09:25:40.591","[51.70243414067537,-0.4830497865620032]","Active",
"21d8f4be-c1c4-4398-86c8-725e4e6f2a09","Vehicle-CodewithYu-123","3bb78cc0-d6b8-4ace-8cd8-6de2c8780765","Medical","2025-04-09 09:26:28.591","[51.711731456132256,-0.5005546273065101]","Active",
"f7c31263-f921-41ae-8644-a9230b73eecf","Vehicle-CodewithYu-123","dbef3b21-b695-42fc-8f4d-cf0f63af75ac","Fire","2025-04-09 09:27:07.591","[51.72145764070526,-0.5181374093442486]","Resolved",
"d272795e-7625-486a-9198-3da6a6a3accb","Vehicle-CodewithYu-123","42a78a5a-9680-4d55-b6a4-07bebf0761b0","Accident","2025-04-09 09:27:54.591","[51.73086106937568,-0.5361563733665392]","Active",
"c75d1a90-331e-4254-815c-25c0a73e235b","Vehicle-CodewithYu-123","6bb09cce-9766-4e70-9620-e1b51cce15ea","Accident","2025-04-09 09:28:25.591","[51.740783353822984,-0.553453025277167]","Active",
"dba7b669-8a13-46fb-a10f-2e33f5b72018","Vehicle-CodewithYu-123","f67be8c6-1616-40c7-89fe-ac14ff9957e1","Accident","2025-04-09 09:28:59.591","[51.751016404762034,-0.5708880056534111]","Resolved",
"a7f4f053-fb30-489a-9c12-c641866ca17c","Vehicle-CodewithYu-123","cc54738b-3857-4452-bd03-5aa8c4023797","Fire","2025-04-09 09:29:32.591","[51.760514481300376,-0.5887644759141882]","Resolved",
"806bbce0-b14a-4fde-a81b-4c90e69c9d3d","Vehicle-CodewithYu-123","7065c273-fe3b-4d9b-94b4-1c3fb6dbd3c5","Police","2025-04-09 09:30:12.591","[51.76982726766227,-0.6061539114424331]","Active",
"1af7ecbd-2a0b-4533-bcb7-a954dc6fef6b","Vehicle-CodewithYu-123","18b71535-0def-4224-ae96-06ef4feee2b4","Medical","2025-04-09 09:30:53.591","[51.7793148404923,-0.6233614595412037]","Resolved",
"e0a74324-35de-4402-8394-39a987d5c582","Vehicle-CodewithYu-123","fe21805a-c834-4482-85fa-e816ba561c7e","Police","2025-04-09 09:31:49.591","[51.78924432223091,-0.6410877811568436]","Resolved",
"ec88a3d9-a814-46bd-9d44-12686aab0913","Vehicle-CodewithYu-123","399bfab8-20d2-40c6-9d2a-c5aff0adda3a","None","2025-04-09 09:32:38.591","[51.79926086729156,-0.6589001038426486]","Active",
"ef83a076-ab66-41db-bcf4-d3f6cefb29e7","Vehicle-CodewithYu-123","44f03a20-94d9-4f5c-9a08-0f0692b05724","Police","2025-04-09 09:33:29.591","[51.80891308876334,-0.6769561300315223]","Resolved",
"d3764ffe-2076-4f38-918b-44aab5a9e809","Vehicle-CodewithYu-123","2cb95728-889c-42d4-a017-b4f86273de8f","None","2025-04-09 09:34:20.591","[51.81875550124101,-0.6948902899385322]","Resolved",
"20ee4a36-17f9-4575-80d3-cd7b7b37a907","Vehicle-CodewithYu-123","bbf8de68-94ee-46dd-97e8-2d1fd67d7549","Accident","2025-04-09 09:34:56.591","[51.82850848943126,-0.7125741301392274]","Active",
"b179419d-cd82-4c79-9e26-8cb50a2b9098","Vehicle-CodewithYu-123","8ec33407-62fe-4f70-a47c-791b728a4a3a","Police","2025-04-09 09:35:32.591","[51.838469285101816,-0.7304754894732302]","Resolved",
"a78ee24c-fd3d-473d-b87f-2a70d2316e6f","Vehicle-CodewithYu-123","4aadde5c-8c71-47e9-a0fb-e05d1cf4e479","Police","2025-04-09 09:36:24.591","[51.848156937964696,-0.7484539181281389]","Active",
"07638386-bb9c-4865-99cd-244576b69d90","Vehicle-CodewithYu-123","af43b2c7-e73b-49c1-8742-371150f801ad","None","2025-04-09 09:36:57.591","[51.85800234375873,-0.7656624481136834]","Resolved",
"ae1e2a71-ee1a-414c-9cda-7ae137f719d9","Vehicle-CodewithYu-123","7cf7b906-8afc-4f30-aaf1-779820733b4e","Fire","2025-04-09 09:37:55.591","[51.86812091292845,-0.7832405761630726]","Resolved",
"bcde0cf9-41c7-471e-aa35-8df37eb07278","Vehicle-CodewithYu-123","5816c533-6b40-4140-8e34-bf2187aa7191","Police","2025-04-09 09:38:32.591","[51.877848785521714,-0.8006530313004616]","Resolved",
"10035c10-e97a-4609-af25-e3988364c1bf","Vehicle-CodewithYu-123","13e6ba48-2c49-4b97-82a5-8e265661088e","Medical","2025-04-09 09:39:03.591","[51.887467666912755,-0.8183131069971105]","Resolved",
"33b2a9cb-95d1-455d-ab47-80f3b38698b4","Vehicle-CodewithYu-123","aec44774-6931-41ff-b5f8-637455b26d22","Police","2025-04-09 09:40:03.591","[51.89750914203781,-0.8355856590465414]","Active",
"957caef8-927f-4e11-8a22-1cceb795bf10","Vehicle-CodewithYu-123","74ed72ae-b00d-4894-932d-bee99e91cada","Medical","2025-04-09 09:40:52.591","[51.907637647700874,-0.8527921174258725]","Resolved",
"4663022b-9fe1-4bb5-8ecc-e03356272556","Vehicle-CodewithYu-123","5fb49038-47be-4066-81d9-47f4dfa0c522","Medical","2025-04-09 09:41:32.591","[51.917253000367815,-0.870463418100856]","Active",
"24b65b0f-a493-4c32-8486-3a4a2c8c1caa","Vehicle-CodewithYu-123","31cbc0bb-bcdd-4042-9912-3d12407ae311","Fire","2025-04-09 09:42:22.591","[51.92719114446106,-0.8878081850512451]","Resolved",
"d20f7468-8418-40d4-9e01-aab5f48b963d","Vehicle-CodewithYu-123","e6eb8c59-8dc2-4ea1-ad93-ab1e0282e55d","Police","2025-04-09 09:42:57.591","[51.93717860943231,-0.905167286952889]","Resolved",
"9f11c557-3b37-45d9-a5e2-32aaad23525f","Vehicle-CodewithYu-123","ff85dcc9-224e-42ce-880c-09e99ca24020","Accident","2025-04-09 09:43:45.591","[51.94740808003085,-0.9230949571757973]","Resolved",
"5c78cd6c-c4a7-44e1-a095-45b2f744f29e","Vehicle-CodewithYu-123","d85967e2-9d39-4549-b181-fdb3b3b26164","Fire","2025-04-09 09:44:17.591","[51.95722882527616,-0.9405594358351099]","Resolved",
"02486103-5301-4d7e-b76a-e55e6b425048","Vehicle-CodewithYu-123","cda67ca8-6a9d-401b-8cce-93ddb07a4e3a","Fire","2025-04-09 09:45:07.591","[51.966692962237246,-0.9581636890881715]","Active",
"14b7eea8-be83-4b6d-a3de-ed70d63925e6","Vehicle-CodewithYu-123","bdbc397e-4de8-4e0f-9e62-a19a245a7f65","Medical","2025-04-09 09:46:01.591","[51.97625989048644,-0.9758388870879777]","Resolved",
"0d2ee915-8ebe-42fe-bbf5-806ac6e0b9f0","Vehicle-CodewithYu-123","16e1f8ca-e8eb-4e50-b8d5-f34893dda8da","Police","2025-04-09 09:46:59.591","[51.98582754897448,-0.9933687320800403]","Resolved",
"c96ea016-8586-480b-b11d-730ea3f0d97c","Vehicle-CodewithYu-123","0662b55d-c245-4eaf-9850-ea8fe85684c9","Medical","2025-04-09 09:47:38.591","[51.995563723524064,-1.0114774888206919]","Resolved",
"13632095-b1f1-455d-beee-d704943de4ff","Vehicle-CodewithYu-123","fb751dbf-9f42-4bfe-a56a-c9cf7da0fc08","None","2025-04-09 09:48:16.591","[52.00555457846625,-1.0293325723937157]","Resolved",
"25b81ad8-fd37-4ef0-be70-065da32be9f5","Vehicle-CodewithYu-123","8e76e0ca-832a-4e49-ac0d-9a8c331b96ab","Fire","2025-04-09 09:48:55.591","[52.01582308909671,-1.0466259440303884]","Resolved",
"0e287e14-b45e-4235-b932-a2035781ba8d","Vehicle-CodewithYu-123","564d7fbd-39f4-43c9-9f87-6933c1bea790","Police","2025-04-09 09:49:34.591","[52.025213676743505,-1.064739678627013]","Active",
"b7f5acc5-e83d-4d73-a4f7-c4b9e25042f5","Vehicle-CodewithYu-123","11064407-bd83-4548-b146-87940bc25581","Fire","2025-04-09 09:50:08.591","[52.035078697899976,-1.0821792276087567]","Resolved",
"82725b63-1770-4adb-a1e6-a65f3446bf9c","Vehicle-CodewithYu-123","4192b8df-cbf4-48f7-9569-3ea66fa7d066","Fire","2025-04-09 09:51:05.591","[52.04481721236487,-1.0998625066047374]","Resolved",
"f3df8576-7c43-4075-b416-4f3d119e5696","Vehicle-CodewithYu-123","d077b97d-cb45-4e69-bc8e-c61e04df539f","Police","2025-04-09 09:51:40.591","[52.05476564050206,-1.1178314495113564]","Active",
"9dd91ea2-2d60-46cd-b4f6-3a4d59bcbbc8","Vehicle-CodewithYu-123","00d8612f-c6cc-4637-8396-1cf4dabea198","Fire","2025-04-09 09:52:35.591","[52.06474102542213,-1.1350335384668737]","Active",
"d595cb6b-2811-4c82-8121-e0d4c4afeca9","Vehicle-CodewithYu-123","60b130b9-5be5-4dbc-afd5-89c7bb2bcea5","None","2025-04-09 09:53:24.591","[52.074088663461644,-1.1523669099006413]","Resolved",
"558eda34-b1de-4176-9f1e-0b571fec4427","Vehicle-CodewithYu-123","d89374e9-0f33-497d-b019-2d4ab3948076","Accident","2025-04-09 09:54:22.591","[52.08381442232522,-1.1698948732386]","Resolved",
"9beea662-cd94-42f3-9be2-df1808a6c428","Vehicle-CodewithYu-123","f1517b34-c030-44ef-877b-4e744013a5db","Police","2025-04-09 09:54:57.591","[52.093678669309824,-1.1872577642344282]","Resolved",
"eabb60f4-70ae-4faf-a53b-f39988b52605","Vehicle-CodewithYu-123","8c794d60-22fe-4266-984f-2b859f2b8619","Accident","2025-04-09 09:55:30.591","[52.10337501740325,-1.2050627059784715]","Resolved",
"d76b406d-17c1-4800-a93e-4e228dcf7223","Vehicle-CodewithYu-123","46a83583-329b-43d5-b45a-75f5ebc8173c","Police","2025-04-09 09:56:24.591","[52.1129154162542,-1.2230727843770406]","Active",
"3dbf65d5-446f-42be-b6ff-cc1fa7cd4268","Vehicle-CodewithYu-123","00f2bdc1-b676-4615-b5cf-2631cb8dbb81","None","2025-04-09 09:57:23.591","[52.12240697449255,-1.2406495647379552]","Active",
"24467ba5-b2a4-45b8-9d3f-0f6b8a79c7e6","Vehicle-CodewithYu-123","08f5ecf0-794c-43a8-92d3-5f352ac2bc03","Police","2025-04-09 09:58:19.591","[52.1322472259016,-1.2586823555366735]","Resolved",
"d36680ff-4b94-47de-a84a-08218e06d014","Vehicle-CodewithYu-123","6669077f-ef51-4682-aae3-d6ac3acb410a","None","2025-04-09 09:59:01.591","[52.14177895680768,-1.276257090459793]","Resolved",
"ff80a192-ee13-4c9f-b88c-201b45792535","Vehicle-CodewithYu-123","352147eb-93a6-482d-a75d-37ed9ab78f39","Police","2025-04-09 09:59:40.591","[52.151887506280865,-1.29410025147651]","Resolved",
"8a589f55-ebf0-42cc-a7e6-103c970c5436","Vehicle-CodewithYu-123","5e8af61a-cdbd-4373-8cdd-11b6a6254d03","Police","2025-04-09 10:00:32.591","[52.16210835853658,-1.311356649793276]","Active",
"dde424ad-5f09-41d7-8b31-a9149fab9556","Vehicle-CodewithYu-123","383ed8c6-cd77-4595-8163-a9c42cac0a22","Fire","2025-04-09 10:01:18.591","[52.171891687186196,-1.3294456301819304]","Active",
"b0849b35-da94-4668-85a6-600c63926bcc","Vehicle-CodewithYu-123","a287587b-fe1d-499d-b75b-184b09e015c4","Police","2025-04-09 10:01:58.591","[52.18164917778718,-1.346602426551356]","Active",
"8c2d18b1-3904-4337-b3cf-86cbae1b428f","Vehicle-CodewithYu-123","5fffc66e-c928-461a-b5b7-4265ced7bcb4","Fire","2025-04-09 10:02:49.591","[52.191554637248785,-1.364493656308254]","Resolved",
"181c9728-08fa-494e-94d2-3087f5da8dc7","Vehicle-CodewithYu-123","4aa086b2-4d38-48ad-acb6-0c1c71350622","Accident","2025-04-09 10:03:44.591","[52.201746061310836,-1.3825736653395766]","Resolved",
"7fc32f32-6252-45be-bd6e-7882189fe1a7","Vehicle-CodewithYu-123","1858d5e6-a735-4fbc-b2f5-7c09816e76f5","None","2025-04-09 10:04:43.591","[52.21165377167937,-1.40045883554772]","Active",
"8a37f33c-69d4-422a-a4be-1ac5527510ec","Vehicle-CodewithYu-123","98851d1a-6826-47f2-b12a-21ac004f9ba1","Fire","2025-04-09 10:05:31.591","[52.221015633579654,-1.4176395999127853]","Resolved",
"5ebd5cb1-7fe3-4076-aace-01b4dc3b59e8","Vehicle-CodewithYu-123","7c854fff-a0e4-44cd-a488-0fe6ff9c2340","None","2025-04-09 10:06:23.591","[52.230875556272004,-1.4351907879826067]","Resolved",
"37826ab8-7f97-49d0-9b82-58bfea98ce17","Vehicle-CodewithYu-123","e8bc18eb-b1af-4842-9178-14215123dd00","Fire","2025-04-09 10:07:17.591","[52.24099639517168,-1.4524138530641568]","Active",
"967898f4-b06a-4874-994d-92c133065d14","Vehicle-CodewithYu-123","fb9f837f-d455-4229-b00a-abc7f7917cb6","Fire","2025-04-09 10:07:56.591","[52.25118779887575,-1.4698935124552661]","Resolved",
"ac2f7719-2d61-4798-9b3a-8d3af7be0949","Vehicle-CodewithYu-123","b64c839a-0a3c-40d5-aca7-f90e38e26dea","Fire","2025-04-09 10:08:52.591","[52.26100665124945,-1.4871060254807844]","Active",
"a22a7982-e4a0-40a7-87a0-3c4a89e65102","Vehicle-CodewithYu-123","bbfc8e8f-1c00-437c-b5ef-fa7d1be46a2b","Medical","2025-04-09 10:09:34.591","[52.27115479184635,-1.5045078087687087]","Resolved",
"1df548bd-a2ab-434b-893a-a2db20568276","Vehicle-CodewithYu-123","08c89643-7b2c-4644-8b1e-216dd243ca04","Medical","2025-04-09 10:10:07.591","[52.28126520914758,-1.521693516876929]","Resolved",
"a6aa901f-4162-4717-8a50-e7e37a8c6575","Vehicle-CodewithYu-123","48106a89-d894-4ab8-8928-54f33558b0cd","None","2025-04-09 10:10:38.591","[52.290669885084306,-1.5397741700659155]","Resolved",
"49cc04b9-9e43-478a-a230-b658a1386caf","Vehicle-CodewithYu-123","a1ca0aaa-d3de-40b6-9740-a2e3803dd39c","Police","2025-04-09 10:11:36.591","[52.30054522542986,-1.5571735709153582]","Active",
"b2058a7b-300d-4372-aa30-09e90a48dc4d","Vehicle-CodewithYu-123","ce061ad6-4dee-457b-abc8-9c17baef170b","Police","2025-04-09 10:12:27.591","[52.31068867562316,-1.5752002162907521]","Active",
"724158c0-a0c5-48dd-86be-37094bb4be70","Vehicle-CodewithYu-123","35008df2-a3ae-4466-9ead-5f136d5488b4","None","2025-04-09 10:13:16.591","[52.32063944436123,-1.592684511823519]","Active",
"bbeeef20-5ec1-46dd-8706-191bf433ee96","Vehicle-CodewithYu-123","79999aef-a56b-4368-b918-983e93e9dd35","Accident","2025-04-09 10:14:10.591","[52.33074049734235,-1.6105775131444728]","Active",
"2f27c263-7ac4-463d-84e3-cb812aa37bd0","Vehicle-CodewithYu-123","ae8e4ec5-daeb-4a97-9a7c-202b17236165","Medical","2025-04-09 10:14:47.591","[52.34004335766958,-1.627913528480238]","Active",
"64172a99-33eb-45d3-add8-e706e497afcb","Vehicle-CodewithYu-123","db9a82e3-fc74-4f38-91d1-21664b1a0d87","Police","2025-04-09 10:15:36.591","[52.349783363089486,-1.6458179787238196]","Resolved",
"905c64c9-6f6e-445a-bddf-d14aa27a6c5e","Vehicle-CodewithYu-123","1583028e-54ce-4192-bd16-4db3bf4e1685","Medical","2025-04-09 10:16:35.591","[52.35975746058555,-1.6634537098696753]","Resolved",
"9b458283-815f-426c-8420-9305804e27d6","Vehicle-CodewithYu-123","c7d31afc-17ff-4e5f-88c5-2a805f0c28be","Fire","2025-04-09 10:17:19.591","[52.37004008834141,-1.681049153032244]","Resolved",
"194d300c-700c-4764-9df8-616b586610e4","Vehicle-CodewithYu-123","b409c47c-68ea-40ca-b3b8-d89fec276cde","Police","2025-04-09 10:17:59.591","[52.37977964325738,-1.6989466594578793]","Active",
"e06ed206-f359-4833-b061-ce7cce9bccb6","Vehicle-CodewithYu-123","1cdbd1c5-99a5-4b1d-a74f-e8caf32c680b","Medical","2025-04-09 10:18:42.591","[52.38915886804575,-1.7169872951005476]","Resolved",
"e6533276-4f1b-4e41-94df-794a61cafea3","Vehicle-CodewithYu-123","ba798925-240e-4da5-9437-8d932acc38d1","None","2025-04-09 10:19:42.591","[52.399314960194616,-1.7343922344218015]","Resolved",
"75fbbacf-39ad-4360-a0ac-d768f3f8fb1f","Vehicle-CodewithYu-123","b8250204-7d6b-482b-8a13-441f7969a6fd","Medical","2025-04-09 10:20:19.591","[52.40871784550815,-1.7522396662093065]","Resolved",
"dae676a0-0148-4e9d-a4ae-245fc0621869","Vehicle-CodewithYu-123","75ee6b5f-680b-46de-b05e-42c0a9722e78","Police","2025-04-09 10:20:54.591","[52.418927383029185,-1.7700146427885695]","Resolved",
"976c778f-e229-4e12-b55c-4b330fc78865","Vehicle-CodewithYu-123","1b2cba9f-ffae-4a88-ab16-ac7d4d68c6f4","Accident","2025-04-09 10:21:33.591","[52.42866902881986,-1.7879832335127244]","Resolved",
"0ed21e7b-b155-45b1-b440-afa708e258fd","Vehicle-CodewithYu-123","97dcdcf3-0e3b-4550-a90f-b444cdbd24e6","None","2025-04-09 10:22:22.591","[52.43840014179419,-1.8056852187396113]","Resolved",
"ad9e54f8-1a0a-4c29-ad85-250d951f98bd","Vehicle-CodewithYu-123","1412a004-a324-4cd0-868f-1f915d2bd02b","Police","2025-04-09 10:23:11.591","[52.447733559156795,-1.8234159553435236]","Active",
"d092553c-1860-4a79-87ac-72eefc0171bc","Vehicle-CodewithYu-123","7efac110-791c-4368-992e-b6d8b628fd10","Accident","2025-04-09 10:23:48.591","[52.45715074485855,-1.841009372995656]","Resolved",
"1fd5f1d7-9f2a-4732-983d-8b0a6163a8d4","Vehicle-CodewithYu-123","cb5afe2e-3ef4-409d-aa1c-e4d1b7c0b989","Medical","2025-04-09 10:24:40.591","[52.46701450401929,-1.85856197331477]","Active",
"58689c84-6618-4a70-82d6-0531871c7929","Vehicle-CodewithYu-123","aef7a020-5df8-41bc-bec9-635f7b4e1fa5","Accident","2025-04-09 10:25:23.591","[52.47673921579886,-1.8765821101813744]","Active",
"eb1dd2d5-f661-43c0-8f47-edbc841d27aa","Vehicle-CodewithYu-123","dd9b6f2f-7319-44dd-b677-fbcfec5ec80e","None","2025-04-09 09:41:53.566","[51.51732742679845,-0.14590098924477735]","Active",
"f72f0ac6-27fa-4bb9-b67f-f11b181213e4","Vehicle-CodewithYu-123","13a73e61-4936-4e31-ba31-f585f4e007f7","Fire","2025-04-09 09:42:45.566","[51.52717667186139,-0.16331096963185496]","Resolved",
"cd340178-aec1-4e97-8f47-9eb1a074683d","Vehicle-CodewithYu-123","f6f24d18-7e35-4f72-b6c4-fb49784536eb","None","2025-04-09 09:43:26.566","[51.53656688213791,-0.1810570423312176]","Resolved",
"58765767-911f-431f-9773-4a9dbf77d1ab","Vehicle-CodewithYu-123","020b6ba0-31b2-4699-9528-27b5396585a6","Accident","2025-04-09 10:00:20.719","[51.740783353822984,-0.553453025277167]","Active",
"606a6d82-2f26-4419-885b-7f6e22737f52","Vehicle-CodewithYu-123","17037958-b648-49a9-8534-98bcc3630ce9","Medical","2025-04-09 09:49:12.719","[51.59533875072212,-0.28703814338096606]","Active",
"599c156f-b8b8-4db0-bae4-ae3e2c811699","Vehicle-CodewithYu-123","cd90efbb-1aeb-4176-a69b-8ba51f399384","Accident","2025-04-09 09:50:02.719","[51.605134432396724,-0.3050577325581683]","Resolved",
"06120509-6318-4857-a75c-bf91937b815a","Vehicle-CodewithYu-123","b088f774-28f4-4f3a-9e65-2bae6e90b8b8","None","2025-04-09 09:55:54.905","[51.58537046731186,-0.2690266951239498]","Active",
"4f30c674-c385-46ec-ac63-41293a0d8a8d","Vehicle-CodewithYu-123","7acd4abc-704e-430a-8e22-a783351887ff","Accident","2025-04-09 10:00:54.719","[51.751016404762034,-0.5708880056534111]","Resolved",
"e558ae36-25d2-4827-b2bc-46f3844234d9","Vehicle-CodewithYu-123","fd74d362-2c0b-4051-9c0a-958fa47323aa","Fire","2025-04-09 10:01:27.719","[51.760514481300376,-0.5887644759141882]","Resolved",
"726495b2-9135-4dc5-be5b-2e11a2122c8c","Vehicle-CodewithYu-123","40fc432b-ab3b-4cc4-ada8-e09f7bdc4dcd","Accident","2025-04-09 10:06:51.719","[51.82850848943126,-0.7125741301392274]","Active",
"29f8cf21-010a-4976-8eb3-e796814a8332","Vehicle-CodewithYu-123","efab4cdc-5e1e-47f6-8cd6-5a0a838d1261","Police","2025-04-09 10:07:27.719","[51.838469285101816,-0.7304754894732302]","Resolved",
"6a4f5e10-4a97-4bbd-bce9-2a6320a7f6e2","Vehicle-CodewithYu-123","dca79498-1d19-44f6-89b1-35ca3d273e71","Police","2025-04-09 10:08:19.719","[51.848156937964696,-0.7484539181281389]","Active",
"a0158b11-6e2e-4870-b3f8-85b290add75a","Vehicle-CodewithYu-123","cbc441d6-f02f-4d52-8e8f-c5cb78a81390","Medical","2025-04-09 10:10:28.905","[51.7793148404923,-0.6233614595412037]","Resolved",
"f65897c1-b678-4b10-81f4-9e18466f5d66","Vehicle-CodewithYu-123","8462cfbb-e60c-4978-a9f9-9aae0b6fe26f","Police","2025-04-09 10:11:24.905","[51.78924432223091,-0.6410877811568436]","Resolved",
"4bd8cc5c-4fe8-410d-91ca-084c98345587","Vehicle-CodewithYu-123","cf1fe487-9518-40ee-bf44-36da3004048e","Fire","2025-04-09 10:07:05.940","[51.66334092597353,-0.4119876365600006]","Active",
"711a4426-afce-4850-8b40-01e6eb024dce","Vehicle-CodewithYu-123","ad2eb6f4-771e-480e-aa79-69055d5bd12a","Accident","2025-04-09 10:23:20.905","[51.94740808003085,-0.9230949571757973]","Resolved",
"1282b2ce-6516-44fc-8535-88545a9dcdbf","Vehicle-CodewithYu-123","ee663590-3559-4b55-8bfc-3f8b145eb28c","Fire","2025-04-09 10:23:52.905","[51.95722882527616,-0.9405594358351099]","Resolved",
"a38eab29-90e7-417f-9886-715d8db173dd","Vehicle-CodewithYu-123","854c9be8-56a0-4895-8188-0d7f650ff0a6","Medical","2025-04-09 10:02:48.719","[51.7793148404923,-0.6233614595412037]","Resolved",
"bf83a282-4f17-4374-ba9c-62f6b807007a","Vehicle-CodewithYu-123","d8fd669c-b1b0-4a25-9abc-dba43e1789c0","Police","2025-04-09 10:03:44.719","[51.78924432223091,-0.6410877811568436]","Resolved",
"7228a7f7-8c6f-4ec0-a030-0dca3e3aaf39","Vehicle-CodewithYu-123","a15b36f1-5a20-411c-a044-6815cd56b003","Fire","2025-04-09 09:43:57.566","[51.54643223428317,-0.1984784704950027]","Resolved",
"12dbce86-2fb9-4d6d-b9da-357d32ab7b38","Vehicle-CodewithYu-123","6b3bcd85-6ed2-467f-907c-88bd7f6f80ca","None","2025-04-09 09:44:49.566","[51.5560755049834,-0.215934295320625]","Active",
"79fbcf2f-8f96-4144-ba0e-d8ae1116e907","Vehicle-CodewithYu-123","d5323c5c-b67d-464a-9869-d13b537d4d99","Accident","2025-04-09 10:27:25.719","[52.10337501740325,-1.2050627059784715]","Resolved",
"829381bd-0bda-43b8-906a-3e5deaa28302","Vehicle-CodewithYu-123","5484872c-fdd5-4cf5-a9f9-022b6d84f2c0","None","2025-04-09 10:04:33.719","[51.79926086729156,-0.6589001038426486]","Active",
"2715fbd4-0b6c-4105-adad-d9c9cb626b05","Vehicle-CodewithYu-123","0f5e821c-34e1-4a6e-a3ee-253d66663690","Police","2025-04-09 10:00:20.905","[51.64420116505342,-0.37638614926382447]","Resolved",
"a0ba54c4-1ba2-4d26-940e-c375abc1f3da","Vehicle-CodewithYu-123","598385d1-4c34-45cf-92b7-99c603117739","Fire","2025-04-09 10:01:13.905","[51.653912743676436,-0.3940451245957878]","Resolved",
"f8b2de84-a7f3-4642-b9e9-daad4f28c67e","Vehicle-CodewithYu-123","6f7b7b3e-4535-4381-9b0b-d6c79d5c25e3","Police","2025-04-09 10:31:35.719","[52.151887506280865,-1.29410025147651]","Resolved",
"d365d146-887e-4a89-9d6e-e67dd99324cc","Vehicle-CodewithYu-123","9e558424-5759-4131-9c56-de1236b11e44","Police","2025-04-09 10:32:27.719","[52.16210835853658,-1.311356649793276]","Active",
"e55ab6b8-8bec-4d08-b420-1986fc0049ea","Vehicle-CodewithYu-123","bcae3d3a-0ddb-4999-b8fb-2db014449ebc","Fire","2025-04-09 10:21:57.905","[51.92719114446106,-0.8878081850512451]","Resolved",
"979769db-9ac1-43bc-9e1d-80907d497fba","Vehicle-CodewithYu-123","8c691152-2413-4fd5-aecc-bd387e9b9479","Police","2025-04-09 10:22:32.905","[51.93717860943231,-0.905167286952889]","Resolved",
"8ee9e1a8-73d7-4623-aeb2-c50d95f68c21","Vehicle-CodewithYu-123","9151e276-3e82-47cc-8bc2-2bfe7c41b234","Medical","2025-04-09 09:54:22.905","[51.56604811923439,-0.23321744340043518]","Active",
"885ed9b1-eac9-4024-80e2-40f93deb6c06","Vehicle-CodewithYu-123","5c41ae02-f5a6-48d1-b392-c1b8efd94836","Fire","2025-04-09 09:55:21.905","[51.575991557899684,-0.2509478114993745]","Resolved",
"b0dfda5a-0073-4b80-b93d-806284233d9b","Vehicle-CodewithYu-123","74da5048-2665-4387-92dc-fef21b13ad6c","Accident","2025-04-09 10:26:17.719","[52.08381442232522,-1.1698948732386]","Resolved",
"c2077a05-b353-4fbf-9d74-ae1dfbf8a61d","Vehicle-CodewithYu-123","3059bda9-0f3a-4614-87ab-8c71e068f077","Police","2025-04-09 10:26:52.719","[52.093678669309824,-1.1872577642344282]","Resolved",
"5bb17834-e32a-48a3-80e3-63266fd54fea","Vehicle-CodewithYu-123","5f2f3c9c-8a66-40da-95ac-faf1a8ec75fa","Police","2025-04-09 10:43:31.719","[52.30054522542986,-1.5571735709153582]","Active",
"85a58840-fcd6-4551-9c29-c07a98ec54cc","Vehicle-CodewithYu-123","e0fcf8eb-4172-448d-b0e6-69d1f23b6f25","Medical","2025-04-09 10:27:13.905","[51.995563723524064,-1.0114774888206919]","Resolved",
"3ee42d86-d406-4ea4-a114-8c9ca3d5cae8","Vehicle-CodewithYu-123","908c79d7-95c3-4968-9d00-7fccd6ed4592","None","2025-04-09 10:27:51.905","[52.00555457846625,-1.0293325723937157]","Resolved",
"375133d0-3026-4101-9b4f-23d81dba2987","Vehicle-CodewithYu-123","a1904641-fc01-4f3e-8634-c02476294b80","Police","2025-04-09 10:02:07.719","[51.76982726766227,-0.6061539114424331]","Active",
"40f347fe-a95d-4205-9338-3dff0d11b156","Vehicle-CodewithYu-123","a251fa2b-8af0-4c95-9bb8-5b87e5a30d56","Fire","2025-04-09 09:47:41.719","[51.575991557899684,-0.2509478114993745]","Resolved",
"2d45938f-f83d-48a2-a3bd-6b0c1a0d3c3e","Vehicle-CodewithYu-123","89de538e-fe7e-4a2e-a567-6ea4c5b72a02","None","2025-04-09 10:25:19.719","[52.074088663461644,-1.1523669099006413]","Resolved",
"dde3888e-6916-431a-99a1-6a8ea161219d","Vehicle-CodewithYu-123","7c3855c4-fb92-4c44-9b35-3d51e13a4bdf","Accident","2025-04-09 09:58:23.905","[51.61491103810475,-0.3230718648328474]","Active",
"f4213054-b364-4c31-86ab-35af41b390b5","Vehicle-CodewithYu-123","81330931-b7ed-47e9-8259-afbafa437b39","Police","2025-04-09 09:59:10.905","[51.62432742956925,-0.3407225824547486]","Resolved",
"eef15907-3dcc-4305-8f75-e96cd796294e","Vehicle-CodewithYu-123","86d99dc5-04bc-4bf8-a76f-789bd8f0609f","None","2025-04-09 09:57:13.940","[51.53656688213791,-0.1810570423312176]","Resolved",
"28e96c86-683a-4ec3-b87e-5a7c00808714","Vehicle-CodewithYu-123","7231062d-d59c-4719-8cb6-8851fbd6eceb","None","2025-04-09 10:08:52.719","[51.85800234375873,-0.7656624481136834]","Resolved",
"be519ac0-fb89-4fb1-8e3c-5f07b9d1fffa","Vehicle-CodewithYu-123","94948bd3-e035-4b85-bde9-2301ee56129c","Fire","2025-04-09 10:09:50.719","[51.86812091292845,-0.7832405761630726]","Resolved",
"dc5ed762-8e28-4db3-9ab5-ab7f472ef78c","Vehicle-CodewithYu-123","a65875b6-4f02-4dea-8fa4-ac70c701c0ee","Medical","2025-04-09 10:41:29.719","[52.27115479184635,-1.5045078087687087]","Resolved",
"b4e8d1ed-9015-44bc-ad1c-79fe2e8d3460","Vehicle-CodewithYu-123","78816fbb-011c-4c42-bb30-4b029313d47f","None","2025-04-09 09:52:05.905","[51.53656688213791,-0.1810570423312176]","Resolved",
"7370cce0-2a4b-432f-8265-e046481cada1","Vehicle-CodewithYu-123","57f2f263-cd57-44d7-b7e9-bfb8f2b932a0","Fire","2025-04-09 09:52:36.905","[51.54643223428317,-0.1984784704950027]","Resolved",
"8777b41e-0e13-4f26-baf8-c2e4c26934fd","Vehicle-CodewithYu-123","8ee33c24-e304-44d8-8114-7fb575320fa0","Police","2025-04-09 10:28:19.719","[52.1129154162542,-1.2230727843770406]","Active",
"ac0b3133-e36f-4535-bd82-78141768ce28","Vehicle-CodewithYu-123","6bfd8982-fd88-489b-9699-fc853730d554","None","2025-04-09 09:55:14.719","[51.67303534003148,-0.4296322781420296]","Resolved",
"d302b947-a401-4864-a14c-01854e60bbba","Vehicle-CodewithYu-123","8ad2d5b9-29fe-43b2-9ec8-4718d322db39","Fire","2025-04-09 09:56:14.719","[51.68247813685676,-0.447461570316535]","Active",
"fb144ceb-ef3e-4cdd-997e-6c4250df6953","Vehicle-CodewithYu-123","4f086ead-dbb1-488a-ab3d-d784e670485e","Fire","2025-04-09 09:51:24.905","[51.52717667186139,-0.16331096963185496]","Resolved",
"8a5c8ec7-a0af-41d8-a8ad-e789405c7666","Vehicle-CodewithYu-123","4ecbb5cc-8677-40af-950f-c8e3e0881e34","Fire","2025-04-09 10:32:10.905","[52.06474102542213,-1.1350335384668737]","Active",
"fff8fb89-1406-46ec-8a03-8d6997e9bfb1","Vehicle-CodewithYu-123","d98b1403-4da7-4fe5-8c65-4820ab76c90a","Medical","2025-04-09 10:13:27.719","[51.917253000367815,-0.870463418100856]","Active",
"605e7199-cd9d-4a23-b22f-f76129c22776","Vehicle-CodewithYu-123","86e12888-6bcd-48d5-911e-821f83653d93","Medical","2025-04-09 09:57:35.719","[51.70243414067537,-0.4830497865620032]","Active",
"3b7210bd-2cf6-4c43-93a3-829127fa5672","Vehicle-CodewithYu-123","d0a30c0d-7011-4c1c-8d1e-813243da9100","Medical","2025-04-09 09:58:23.719","[51.711731456132256,-0.5005546273065101]","Active",
"898d0f34-ac32-4551-9071-6112405724e5","Vehicle-CodewithYu-123","2d179ca8-f24c-4d88-917c-5c85d019ab9d","Fire","2025-04-09 10:14:17.719","[51.92719114446106,-0.8878081850512451]","Resolved",
"0a2f8f26-efd7-4039-bb2d-f119795692c2","Vehicle-CodewithYu-123","6012d1a1-80aa-4e1e-a446-0a30bc94dc98","Medical","2025-04-09 09:56:52.905","[51.59533875072212,-0.28703814338096606]","Active",
"ea7ad8c2-3e90-4824-8431-8fb8c00b64fd","Vehicle-CodewithYu-123","33b9fc9d-6f44-454a-b89e-91408b1e9c9d","None","2025-04-09 09:53:28.905","[51.5560755049834,-0.215934295320625]","Active",
"433932c7-c7ab-4ef0-98f3-5ebf7bc33b4c","Vehicle-CodewithYu-123","ef3a38c9-a510-4124-8e5d-60774dda91b2","Accident","2025-04-09 09:49:44.566","[51.61491103810475,-0.3230718648328474]","Active",
"159bfcc5-68c8-4f08-b1eb-4ecca0b4c135","Vehicle-CodewithYu-123","51ccd650-25df-430c-88ee-1891d30e522b","Accident","2025-04-09 10:35:39.719","[52.201746061310836,-1.3825736653395766]","Resolved",
"ebf26bb1-5da2-45d8-942e-ca587c096d83","Vehicle-CodewithYu-123","5550b97d-1d1c-4eaa-be10-d5e5202994dc","Fire","2025-04-09 10:33:13.719","[52.171891687186196,-1.3294456301819304]","Active",
"32ab5e0d-98d5-443f-8807-5128f7d50764","Vehicle-CodewithYu-123","9c452b9b-f147-4373-ba46-a3f6eaa88876","Accident","2025-04-09 10:08:00.905","[51.740783353822984,-0.553453025277167]","Active",
"1d6ae537-1844-4a7c-9ee2-1ddd867e0cdf","Vehicle-CodewithYu-123","809dd264-cd8a-4a44-a984-2befe1d2ff1d","Accident","2025-04-09 10:08:34.905","[51.751016404762034,-0.5708880056534111]","Resolved",
"71413c41-be63-4fc7-91e8-18b3cbbcd89d","Vehicle-CodewithYu-123","6e0711f9-12e5-4c8d-838d-a35bf0b42302","None","2025-04-09 09:55:40.940","[51.51732742679845,-0.14590098924477735]","Active",
"de680970-eba9-4fc8-b922-c6b344c9c45f","Vehicle-CodewithYu-123","34062741-298c-44a2-9b94-b2b6ddf0d60e","Fire","2025-04-09 09:56:32.940","[51.52717667186139,-0.16331096963185496]","Resolved",
"bfdcdf20-5ada-480f-8974-0f0e53324799","Vehicle-CodewithYu-123","1ac7bf00-5072-4639-8fd5-132fe48f85a6","Fire","2025-04-09 09:46:42.566","[51.575991557899684,-0.2509478114993745]","Resolved",
"32d4d52c-99c8-4acc-b504-8488e52a1c00","Vehicle-CodewithYu-123","d24c6d65-1b1e-484b-b3ba-3008e76d2e6b","None","2025-04-09 09:48:14.719","[51.58537046731186,-0.2690266951239498]","Active",
"e88ba81d-bae2-4514-b51a-5190d2058b4c","Vehicle-CodewithYu-123","e9d14b97-d72f-4d69-b43f-790bb390f35b","Police","2025-04-09 10:05:24.719","[51.80891308876334,-0.6769561300315223]","Resolved",
"37656b3e-55ec-43e9-ac85-3966edfe014f","Vehicle-CodewithYu-123","c0945fef-2a4a-41c1-8a23-7e923efd24be","None","2025-04-09 10:06:15.719","[51.81875550124101,-0.6948902899385322]","Resolved",
"e87c314e-3b38-46d5-bda7-0b54bec107e9","Vehicle-CodewithYu-123","3a142fc5-191f-498b-8310-da63768bae0e","None","2025-04-09 10:01:02.940","[51.58537046731186,-0.2690266951239498]","Active",
"576a939d-25d5-4355-8817-657c81d074ec","Vehicle-CodewithYu-123","fdb461fc-473b-4849-a2e6-0500d66842c4","Medical","2025-04-09 10:02:00.940","[51.59533875072212,-0.28703814338096606]","Active",
"10f650f3-472a-4bef-9189-c18b8a3255e3","Vehicle-CodewithYu-123","8812151b-de08-468c-befe-c4be5e5414e7","Police","2025-04-09 10:10:27.719","[51.877848785521714,-0.8006530313004616]","Resolved",
"5f2df58c-fce0-4351-bb7c-f8ba3f37e764","Vehicle-CodewithYu-123","3c6a16f4-9b09-4c4e-aeb7-35ef9a686210","Fire","2025-04-09 10:16:12.719","[51.95722882527616,-0.9405594358351099]","Resolved",
"6ba091b1-aaa9-4fb1-98f6-df25410828d9","Vehicle-CodewithYu-123","137120ad-a554-4132-8cc0-f6e37625a38e","Medical","2025-04-09 10:50:37.719","[52.38915886804575,-1.7169872951005476]","Resolved",
"ab98d9dd-ebfb-4e0f-af44-ed8ee0e8c8e6","Vehicle-CodewithYu-123","6a766842-d003-49fe-87b6-eb4c87b42b38","None","2025-04-09 10:51:37.719","[52.399314960194616,-1.7343922344218015]","Resolved",
"8efa4fb8-4877-44ae-80aa-1943d0a1fd77","Vehicle-CodewithYu-123","9f5c89c1-6119-4610-a100-0f3a813bbd38","Accident","2025-04-09 10:35:05.905","[52.10337501740325,-1.2050627059784715]","Resolved",
"523a953a-1938-4506-931f-b6a9d7610cba","Vehicle-CodewithYu-123","784c103b-16b5-4cf8-98a6-7ceb580f72b2","Police","2025-04-09 10:33:53.719","[52.18164917778718,-1.346602426551356]","Active",
"28834cf9-1f1f-43e6-b5e5-4b625de152e4","Vehicle-CodewithYu-123","6509535f-21c0-4ec5-a405-f85166b899ab","Fire","2025-04-09 10:34:44.719","[52.191554637248785,-1.364493656308254]","Resolved",
"79134e71-ad4a-455c-a4c3-e3a00ca13403","Vehicle-CodewithYu-123","0d218b87-3cf1-47fe-8475-31d404017877","None","2025-04-09 10:29:18.719","[52.12240697449255,-1.2406495647379552]","Active",
"8c97df38-2528-47fe-9cbb-10622acfc301","Vehicle-CodewithYu-123","085e8f02-8897-404a-9619-24ecaa30838f","Police","2025-04-09 10:30:14.719","[52.1322472259016,-1.2586823555366735]","Resolved",
"479462f8-cd82-4239-a42b-9b38ae3f0a38","Vehicle-CodewithYu-123","97107a9f-2775-4389-8b57-2b84b257dc53","Accident","2025-04-09 10:07:29.905","[51.73086106937568,-0.5361563733665392]","Active",
"e614c570-61a7-4a6c-a3ab-227bedad42eb","Vehicle-CodewithYu-123","b50082b0-1b93-4960-a463-a8813a639341","Fire","2025-04-09 09:43:44.719","[51.52717667186139,-0.16331096963185496]","Resolved",
"68fe2ee8-cbef-4cfd-a452-2f79c996e3d0","Vehicle-CodewithYu-123","ab7a05ae-6af6-4388-9d72-415fe6bfd13b","None","2025-04-09 09:44:25.719","[51.53656688213791,-0.1810570423312176]","Resolved",
"f40fac99-6bef-4726-acd7-0a2bfc05bebb","Vehicle-CodewithYu-123","120ad329-f220-4d1d-bf83-34e5c7fdfc65","Police","2025-04-09 10:05:28.940","[51.64420116505342,-0.37638614926382447]","Resolved",
"3eaf6f99-8191-4043-a953-4abc68dab402","Vehicle-CodewithYu-123","226c0f91-863f-4813-8c80-4d70f940964e","Fire","2025-04-09 10:06:21.940","[51.653912743676436,-0.3940451245957878]","Resolved",
"8a11f136-db04-4c78-860d-dc6184991a99","Vehicle-CodewithYu-123","a7fd0adf-c8d6-4ebf-a702-4fd5cf829f6f","None","2025-04-09 09:50:32.905","[51.51732742679845,-0.14590098924477735]","Active",
"11f0665d-8324-4dde-b666-c026cadcb576","Vehicle-CodewithYu-123","9973e022-69b6-4432-b7db-f0e725627b16","Police","2025-04-09 10:13:04.905","[51.80891308876334,-0.6769561300315223]","Resolved",
"ff359465-5167-49a6-a077-b79828e09cd5","Vehicle-CodewithYu-123","68aa03ad-d075-4e30-acb3-4fbbc5197916","None","2025-04-09 10:13:55.905","[51.81875550124101,-0.6948902899385322]","Resolved",
"3a849235-4f09-4ef3-b281-5785058e1c35","Vehicle-CodewithYu-123","c2444f93-9fd0-4da2-9c59-fafc5c00f998","Fire","2025-04-09 10:17:30.905","[51.86812091292845,-0.7832405761630726]","Resolved",
"e72441a1-47b3-4c41-8cca-50e415c2090b","Vehicle-CodewithYu-123","8e969cd8-64f3-4114-82cb-dc4248e3b575","Police","2025-04-09 10:18:07.905","[51.877848785521714,-0.8006530313004616]","Resolved",
"7c77749f-218f-4186-938b-2a08e727ad29","Vehicle-CodewithYu-123","b54b83b8-ab6d-403a-9053-340a9674df30","Medical","2025-04-09 09:45:43.566","[51.56604811923439,-0.23321744340043518]","Active",
"42942939-b0bc-4f32-9519-5a2e88dac16c","Vehicle-CodewithYu-123","e9585ae1-79b6-43c7-94ab-e859b1be1c89","Medical","2025-04-09 10:46:42.719","[52.34004335766958,-1.627913528480238]","Active",
"9600b3df-e171-4243-aece-5eb1e1de509f","Vehicle-CodewithYu-123","82628449-e1d3-42e8-bc04-13e9c3c13436","Medical","2025-04-09 10:05:15.905","[51.70243414067537,-0.4830497865620032]","Active",
"9fa1c5c5-040b-4a66-9640-9cc2c7cc3e92","Vehicle-CodewithYu-123","8d02af5a-5a1b-4aaa-91f9-32bd87ade167","None","2025-04-09 09:47:15.566","[51.58537046731186,-0.2690266951239498]","Active",
"63bd1768-19d1-4f60-ac8e-85321afb021d","Vehicle-CodewithYu-123","83d0a59f-b594-4c7c-9a14-c85c94b09c48","Medical","2025-04-09 09:48:13.566","[51.59533875072212,-0.28703814338096606]","Active",
"78aa9a4c-d207-431a-9779-3d2c048eddea","Vehicle-CodewithYu-123","e860c6b7-64e5-40c0-8162-a3d15ff6d0d7","Police","2025-04-09 10:21:29.719","[52.025213676743505,-1.064739678627013]","Active",
"11002a0c-de95-4a21-a8ed-479d92b29d49","Vehicle-CodewithYu-123","0d62715c-ad4e-46ff-ad3f-aae11faea9c5","Fire","2025-04-09 10:23:00.719","[52.04481721236487,-1.0998625066047374]","Resolved",
"fb76281f-3f71-4fb3-bf4d-a4929b4d59b5","Vehicle-CodewithYu-123","f580588b-289a-49ed-a0fd-96ea515c19a0","Police","2025-04-09 10:23:35.719","[52.05476564050206,-1.1178314495113564]","Active",
"d87f1140-306a-40dd-9941-05551a65bbe8","Vehicle-CodewithYu-123","c8f09e7e-f322-4a11-9b3b-04143883269f","Medical","2025-04-09 10:10:58.719","[51.887467666912755,-0.8183131069971105]","Resolved",
"3e701430-0000-4c4b-ae8a-db51b7d05194","Vehicle-CodewithYu-123","a37d1da2-6ed0-4b48-90a5-0230a38a7b94","Medical","2025-04-09 10:19:33.719","[51.995563723524064,-1.0114774888206919]","Resolved",
"6248f88c-7c70-4d36-b197-9ee4f2fbf08e","Vehicle-CodewithYu-123","44097832-95ee-439e-8b54-32be83aa5b23","None","2025-04-09 10:20:11.719","[52.00555457846625,-1.0293325723937157]","Resolved",
"8a0bce9c-aa0f-4116-8168-5f4457092737","Vehicle-CodewithYu-123","139dbd20-87bb-4861-8edc-7b83889aca4c","Fire","2025-04-09 10:20:50.719","[52.01582308909671,-1.0466259440303884]","Resolved",
"61c4cb59-792e-47da-bf82-5789312e2509","Vehicle-CodewithYu-123","62f93b9a-adff-42f9-bcb1-de58ed853830","Accident","2025-04-09 10:46:05.719","[52.33074049734235,-1.6105775131444728]","Active",
"91c4d65a-0acf-482e-ab64-de5fe724d1b3","Vehicle-CodewithYu-123","ed456744-ee4d-4879-84b7-26290c651550","Accident","2025-04-09 09:59:43.905","[51.634053529653166,-0.3583310066137131]","Active",
"970af766-0f77-47ee-8c68-bb560c3e2fc9","Vehicle-CodewithYu-123","172c1caa-1cda-4b31-a419-d290d12d366b","Accident","2025-04-09 09:49:03.566","[51.605134432396724,-0.3050577325581683]","Resolved",
"f7895ffd-96a6-4ac1-9877-005892234940","Vehicle-CodewithYu-123","c5dbb324-3b7e-4ef2-8b78-81198cd4a6f7","None","2025-04-09 09:42:52.719","[51.51732742679845,-0.14590098924477735]","Active",
"11200997-c909-4f21-bb3d-96ad6a803f90","Vehicle-CodewithYu-123","90483648-ab1f-499f-bbc3-2e3ba1a68c2c","Medical","2025-04-09 10:25:36.905","[51.97625989048644,-0.9758388870879777]","Resolved",
"68dc4799-043b-48a4-83a9-abdb565c0949","Vehicle-CodewithYu-123","cf385f31-48e4-4445-9131-2dc66691296d","Police","2025-04-09 10:26:34.905","[51.98582754897448,-0.9933687320800403]","Resolved",
"82efa519-13d0-4536-ad77-6a75d4da662a","Vehicle-CodewithYu-123","d5da2f95-379d-4a46-982e-a9ab02e58ef9","Fire","2025-04-09 10:24:30.719","[52.06474102542213,-1.1350335384668737]","Active",
"0c05eeb4-d7f4-4fec-bf10-d6c975849890","Vehicle-CodewithYu-123","4582d996-0f62-4afc-a3de-f0669109fe27","Police","2025-04-09 10:04:18.940","[51.62432742956925,-0.3407225824547486]","Resolved",
"2d2c67cb-be8c-4dd7-8aa8-901c5340cf87","Vehicle-CodewithYu-123","34478169-c9d2-4946-bd48-8191df898c60","Police","2025-04-09 10:47:31.719","[52.349783363089486,-1.6458179787238196]","Resolved",
"6dd84c13-d9c1-49b8-9ee7-aaf8f9435480","Vehicle-CodewithYu-123","465c5bf7-947d-4b0e-8287-af0f1ce757f3","Medical","2025-04-09 10:48:30.719","[52.35975746058555,-1.6634537098696753]","Resolved",
"ab10f9a3-51f0-4031-ad3a-58d04fdf428c","Vehicle-CodewithYu-123","9ed25d6f-3bda-4a40-ba46-3962aba46afa","Fire","2025-04-09 10:03:54.905","[51.68247813685676,-0.447461570316535]","Active",
"d7503ec3-6a64-46ea-b942-6bd047fe25f4","Vehicle-CodewithYu-123","889da4b9-7c7d-427b-86f2-2560dba0522a","None","2025-04-09 10:04:29.905","[51.69272691576003,-0.46550745885129446]","Active",
"43d80b11-d2c0-454f-922e-7fd5badf98ef","Vehicle-CodewithYu-123","34a50ca9-f72a-4d31-ac77-9e918ffef638","None","2025-04-09 09:45:48.719","[51.5560755049834,-0.215934295320625]","Active",
"0d3139e4-42a6-48ce-9545-e26ebec818b3","Vehicle-CodewithYu-123","821dac62-8931-4041-bbc8-04c3068b808e","Medical","2025-04-09 09:46:42.719","[51.56604811923439,-0.23321744340043518]","Active",
"df1e8647-de08-4612-b19e-a294ac20cce1","Vehicle-CodewithYu-123","ec7afcea-a7ea-4ba4-b845-d5ea0b8f3f2f","Fire","2025-04-09 10:24:42.905","[51.966692962237246,-0.9581636890881715]","Active",
"fbfa82e1-edcb-4532-b492-7ef899f02cbd","Vehicle-CodewithYu-123","2af28bc4-9e5c-48f4-9e1e-d11db8d433ab","Medical","2025-04-09 10:06:03.905","[51.711731456132256,-0.5005546273065101]","Active",
"ddd5a10f-a610-4c5f-885b-229a5cc6f86a","Vehicle-CodewithYu-123","eb39a3d2-d246-4d3c-ac0d-8ac73860146d","Fire","2025-04-09 10:06:42.905","[51.72145764070526,-0.5181374093442486]","Resolved",
"1bf5e1c0-2649-4638-8fcd-f481f99f73fe","Vehicle-CodewithYu-123","5eb26ce2-c9d1-4ef4-bb91-c38b7b25879e","Fire","2025-04-09 10:49:14.719","[52.37004008834141,-1.681049153032244]","Resolved",
"02024ae4-9d77-4993-b970-a69ceb5c16de","Vehicle-CodewithYu-123","064143a4-8028-4cff-ae88-1a4cac92d450","Police","2025-04-09 10:49:54.719","[52.37977964325738,-1.6989466594578793]","Active",
"ccee49f7-5a8f-4155-85ee-4cedeea7dcc3","Vehicle-CodewithYu-123","f2cac401-2974-4a72-a272-eb69a70d4fb3","Fire","2025-04-09 10:01:57.905","[51.66334092597353,-0.4119876365600006]","Active",
"589fa1d6-7f10-43c2-8f4f-e9e598b2e0a9","Vehicle-CodewithYu-123","0d3d28f0-b9cb-47f6-a3a0-5b1ea90a3e03","None","2025-04-09 10:02:54.905","[51.67303534003148,-0.4296322781420296]","Resolved",
"9090a3e9-e07c-473f-b479-bf404e1f0f0d","Vehicle-CodewithYu-123","b92f35ca-ec16-4ac6-a877-e03661a3532e","Fire","2025-04-09 10:39:51.719","[52.25118779887575,-1.4698935124552661]","Resolved",
"fac662ed-af51-424a-bd12-e812e86de452","Vehicle-CodewithYu-123","22fdee0c-962d-47df-a957-bc1f74c9a384","Fire","2025-04-09 10:40:47.719","[52.26100665124945,-1.4871060254807844]","Active",
"04317b27-9b67-4e60-bbd7-9b74ecc6046f","Vehicle-CodewithYu-123","c89fb986-946e-49e3-bec2-d357bd4d9bc0","Police","2025-04-09 09:51:30.719","[51.62432742956925,-0.3407225824547486]","Resolved",
"9c99907c-b6f8-43dc-89fd-8ffe69965c68","Vehicle-CodewithYu-123","9c096c76-1f47-47a8-a859-33d8c5237e1f","Accident","2025-04-09 09:52:03.719","[51.634053529653166,-0.3583310066137131]","Active",
"4f3510b0-3cad-44b8-a84b-577640a032fa","Vehicle-CodewithYu-123","2c32dc5c-234d-4c29-b1b9-4acff764c8e7","Fire","2025-04-09 10:30:40.905","[52.04481721236487,-1.0998625066047374]","Resolved",
"d532f444-7128-4cf7-bd65-9323739b12d8","Vehicle-CodewithYu-123","66f3b939-b967-4c73-8a36-ff295d95f8b2","Police","2025-04-09 10:31:15.905","[52.05476564050206,-1.1178314495113564]","Active",
"ef399baf-bf14-465e-a9e4-7754be1f9f60","Vehicle-CodewithYu-123","8334f051-ac8e-4be4-83ea-ffe7ab88b817","Fire","2025-04-09 10:17:02.719","[51.966692962237246,-0.9581636890881715]","Active",
"9fc0ebae-a5ae-4f8c-b157-d11e2ff12d37","Vehicle-CodewithYu-123","b9d84c77-496e-4891-bdfc-7e2f40fe82bd","Medical","2025-04-09 10:17:56.719","[51.97625989048644,-0.9758388870879777]","Resolved",
"7fc2fb0a-b5d6-491f-aea8-ea1dc69953b0","Vehicle-CodewithYu-123","17d49265-c580-426b-bf31-91998143f2f1","None","2025-04-09 10:12:13.905","[51.79926086729156,-0.6589001038426486]","Active",
"1c289176-bf0a-4c3e-8a5f-9fc2987b31f9","Vehicle-CodewithYu-123","3e2f792f-7a79-490e-b064-767864e6fb27","Police","2025-04-09 10:44:22.719","[52.31068867562316,-1.5752002162907521]","Active",
"788e9d4d-97fd-45e8-a948-153b65afb946","Vehicle-CodewithYu-123","46dc6c49-b57f-4b32-bc28-b6b85622f378","None","2025-04-09 10:45:11.719","[52.32063944436123,-1.592684511823519]","Active",
"502e801a-613e-49f7-87c4-e7dedb77c17c","Vehicle-CodewithYu-123","c1029114-699a-483e-98fe-dfe21685ce42","Fire","2025-04-09 10:28:30.905","[52.01582308909671,-1.0466259440303884]","Resolved",
"daf8ddac-a551-427d-914d-a37b5b933e51","Vehicle-CodewithYu-123","2be57f46-00d7-49a1-be0d-cd19e16f7b35","Police","2025-04-09 10:29:09.905","[52.025213676743505,-1.064739678627013]","Active",
"e35f636a-bfa0-474e-90d9-4bfae14a82b1","Vehicle-CodewithYu-123","bace73fd-7995-4e18-a982-5d80745d3550","Police","2025-04-09 10:11:58.719","[51.89750914203781,-0.8355856590465414]","Active",
"ec3b8bca-80b6-4885-a393-a45ff1cbe21f","Vehicle-CodewithYu-123","7e492e39-4f1e-425d-ab42-538657183a29","Medical","2025-04-09 10:12:47.719","[51.907637647700874,-0.8527921174258725]","Resolved",
"8b5a2ec6-72ae-490e-b860-1ec012073a39","Vehicle-CodewithYu-123","d0782433-33e3-4409-b32b-18b8bd14bc4d","Police","2025-04-09 10:19:38.905","[51.89750914203781,-0.8355856590465414]","Active",
"51d27439-c953-4ed8-87ce-4db4532f20ff","Vehicle-CodewithYu-123","26cc5751-0535-43a8-b497-b2ec7caa6834","Medical","2025-04-09 10:20:27.905","[51.907637647700874,-0.8527921174258725]","Resolved",
"2c02c8a7-cd9e-4d93-865f-63ca39e6c6d8","Vehicle-CodewithYu-123","9f0b23f0-7f76-4758-bb87-3fd1e286e863","None","2025-04-09 10:30:56.719","[52.14177895680768,-1.276257090459793]","Resolved",
"355b6f11-0491-45a9-a601-54a02c88161f","Vehicle-CodewithYu-123","2268f18d-57eb-4c9c-b4ff-df2ee48f044a","Fire","2025-04-09 09:44:56.719","[51.54643223428317,-0.1984784704950027]","Resolved",
"125e798d-3d67-4b26-b2be-eaca9973e91e","Vehicle-CodewithYu-123","438bb9bd-a257-4587-bc35-f8f75c624e0e","Police","2025-04-09 10:34:32.905","[52.093678669309824,-1.1872577642344282]","Resolved",
"65919b6c-11b4-4f2a-94da-4e528ba45ae8","Vehicle-CodewithYu-123","56870041-81c7-496e-b805-b9a29b634584","None","2025-04-09 10:38:18.719","[52.230875556272004,-1.4351907879826067]","Resolved",
"0f4cde71-14cd-4f60-8196-a7db33be1f7f","Vehicle-CodewithYu-123","dec56b15-7603-4da3-9bc1-326f06a23ae4","Medical","2025-04-09 10:21:07.905","[51.917253000367815,-0.870463418100856]","Active",
"e441fd76-a5d0-4ad7-986a-2654e3158d80","Vehicle-CodewithYu-123","b62c75cf-9971-412a-95b8-4e988048fe1f","Accident","2025-04-09 09:57:42.905","[51.605134432396724,-0.3050577325581683]","Resolved",
"f8783e7c-e68f-47e1-afc3-402b58f19b45","Vehicle-CodewithYu-123","52757306-9a3f-4569-9974-d82aa3b367ff","Fire","2025-04-09 10:22:03.719","[52.035078697899976,-1.0821792276087567]","Resolved",
"03347128-a39f-48e6-9deb-6f659a79fe6a","Vehicle-CodewithYu-123","5645cc02-f753-44e9-9bcf-227ad664c8ea","Police","2025-04-09 10:18:54.719","[51.98582754897448,-0.9933687320800403]","Resolved",
"3cd4825d-fcec-4bc1-a40f-7534b0f63ff9","Vehicle-CodewithYu-123","28c07c71-b640-4802-b1cc-4489e8183884","None","2025-04-09 10:36:38.719","[52.21165377167937,-1.40045883554772]","Active",
"10e6c83f-f6f7-4a0c-b4e4-d47eb095db09","Vehicle-CodewithYu-123","d790d7eb-4c6a-486e-8ee1-1c6b4be20613","Fire","2025-04-09 10:37:26.719","[52.221015633579654,-1.4176395999127853]","Resolved",
"8ea928ae-f6db-44d8-9f05-aefd4dc2b9e1","Vehicle-CodewithYu-123","8d560d75-af9f-4780-abe0-4305c7cf04ae","Fire","2025-04-09 10:39:12.719","[52.24099639517168,-1.4524138530641568]","Active",
"897d0325-5902-416a-8c39-284c7e57920b","Vehicle-CodewithYu-123","5aebee3b-2b28-40aa-9351-4cbe7ad3574b","Medical","2025-04-09 10:18:38.905","[51.887467666912755,-0.8183131069971105]","Resolved",
"ed2ad172-538d-4c4b-862b-859616c22934","Vehicle-CodewithYu-123","80799997-4264-465d-ad36-85d5b865fbaf","Police","2025-04-09 10:14:52.719","[51.93717860943231,-0.905167286952889]","Resolved",
"df474e14-7fcc-4c99-8f44-aa0d7050f097","Vehicle-CodewithYu-123","371c355c-e05d-481a-bc9e-9ab5353288ab","Accident","2025-04-09 10:15:40.719","[51.94740808003085,-0.9230949571757973]","Resolved",
"991826c6-7c60-4243-ba73-2c47e8d2bfeb","Vehicle-CodewithYu-123","a02de26f-6a70-427d-8c14-aa36ebbc6888","None","2025-04-09 10:32:59.905","[52.074088663461644,-1.1523669099006413]","Resolved",
"e4443ca3-c1b5-49e1-96b0-7711f5d2801e","Vehicle-CodewithYu-123","28616659-95fd-4660-98f3-e90952d47eff","Accident","2025-04-09 10:33:57.905","[52.08381442232522,-1.1698948732386]","Resolved",
"66c636f0-1609-42d6-a48c-cc4f86129fc6","Vehicle-CodewithYu-123","328ea90f-4978-4bc9-a83b-a2def13fc858","Accident","2025-04-09 10:02:50.940","[51.605134432396724,-0.3050577325581683]","Resolved",
"4464c860-42ef-4cc4-a87c-f060b2b59ab7","Vehicle-CodewithYu-123","24ea13dc-c65b-4424-9b91-a45a8e272357","Accident","2025-04-09 10:03:31.940","[51.61491103810475,-0.3230718648328474]","Active",
"fcc4d077-63b8-4622-b784-7e5c5758ebb2","Vehicle-CodewithYu-123","5b206e23-c2e4-44a2-95f1-52c6e2fb844a","Police","2025-04-09 10:15:59.905","[51.848156937964696,-0.7484539181281389]","Active",
"bcc203a0-e9a9-421b-8915-e12ff0e662ea","Vehicle-CodewithYu-123","c353e923-ad5b-4d7f-af94-1e023f6d3042","None","2025-04-09 10:16:32.905","[51.85800234375873,-0.7656624481136834]","Resolved",
"9ac145cf-873b-4068-8a6f-20b06f64489c","Vehicle-CodewithYu-123","f537c352-cb22-4cd4-b0ff-4ba02be6bc34","Fire","2025-04-09 10:29:43.905","[52.035078697899976,-1.0821792276087567]","Resolved",
"4800712b-b6dc-4dad-ad81-2c1b7b5e2ac2","Vehicle-CodewithYu-123","88b858f5-25fc-498f-8c38-5c7be7e99f9b","Fire","2025-04-09 09:59:02.719","[51.72145764070526,-0.5181374093442486]","Resolved",
"ec92510f-2225-4a17-a070-65df09d86fd8","Vehicle-CodewithYu-123","7132ecdc-09f7-4c5f-b7a3-6d2aecc9eb4c","Accident","2025-04-09 09:59:49.719","[51.73086106937568,-0.5361563733665392]","Active",
"90433d11-b455-4d9d-a7ae-b6726639b3ae","Vehicle-CodewithYu-123","c808e12f-69b4-4a30-834c-23e35f62135b","Fire","2025-04-09 09:54:17.719","[51.66334092597353,-0.4119876365600006]","Active",
"6a16c5bb-9ebf-4daa-ad8e-3c4ffd1ac935","Vehicle-CodewithYu-123","0909946c-2629-41e1-80af-c42b1f35a1b4","None","2025-04-09 09:56:49.719","[51.69272691576003,-0.46550745885129446]","Active",
