"id","deviceid","cameraid","location","timestamp","snapshot"
"356c34c1-4c03-4507-84e1-3470e2f4fed4","Vehicle-CodewithYu-123","Camera1","[52.12240697449255,-1.2406495647379552]","2025-04-09 10:29:18.719","Base64EncodedString"
"5a7427f4-a6c4-4efc-8168-3503450264cc","Vehicle-CodewithYu-123","Camera1","[51.966692962237246,-0.9581636890881715]","2025-04-09 10:17:02.719","Base64EncodedString"
"9778c1f5-223f-48d6-a800-c589d5b26294","Vehicle-CodewithYu-123","Camera1","[51.64420116505342,-0.37638614926382447]","2025-04-09 10:00:20.905","Base64EncodedString"
"4c5fa08b-329e-4ca1-82be-b45bff890adf","Vehicle-CodewithYu-123","Camera1","[51.97625989048644,-0.9758388870879777]","2025-04-09 10:17:56.719","Base64EncodedString"
"b885c02d-bc29-4b0d-9005-9264019d6306","Vehicle-CodewithYu-123","Camera1","[51.98582754897448,-0.9933687320800403]","2025-04-09 10:18:54.719","Base64EncodedString"
"03018424-99e6-40f0-83a3-5077405b9107","Vehicle-CodewithYu-123","Camera1","[52.05476564050206,-1.1178314495113564]","2025-04-09 10:23:35.719","Base64EncodedString"
"7356c01d-46cf-4be1-98cb-3c6e5bc8eec4","Vehicle-CodewithYu-123","Camera1","[52.06474102542213,-1.1350335384668737]","2025-04-09 10:24:30.719","Base64EncodedString"
"b43c1a6e-61fd-496f-8cc5-8f7f57606500","Vehicle-CodewithYu-123","Camera1","[52.04481721236487,-1.0998625066047374]","2025-04-09 10:30:40.905","Base64EncodedString"
"4afd0e94-ef38-4d97-9b57-ac6c425589be","Vehicle-CodewithYu-123","Camera1","[51.838469285101816,-0.7304754894732302]","2025-04-09 10:15:07.905","Base64EncodedString"
"3714a1af-e3b1-490d-8b84-5e096cf39a0c","Vehicle-CodewithYu-123","Camera1","[51.848156937964696,-0.7484539181281389]","2025-04-09 10:15:59.905","Base64EncodedString"
"741f2cd8-1342-4e57-9281-1e0c3a64f420","Vehicle-CodewithYu-123","Camera1","[52.25118779887575,-1.4698935124552661]","2025-04-09 10:39:51.719","Base64EncodedString"
"3bbdf390-2e53-4644-89f3-91546974471d","Vehicle-CodewithYu-123","Camera1","[51.7793148404923,-0.6233614595412037]","2025-04-09 10:02:48.719","Base64EncodedString"
"1e8d4211-770c-48a5-8f04-34d2daa351b1","Vehicle-CodewithYu-123","Camera1","[51.61491103810475,-0.3230718648328474]","2025-04-09 09:49:44.566","Base64EncodedString"
"21c8bd72-21c4-4cc1-b0af-09e6c6ccdc11","Vehicle-CodewithYu-123","Camera1","[51.58537046731186,-0.2690266951239498]","2025-04-09 09:47:15.566","Base64EncodedString"
"b45ca769-bcc8-4b1e-973f-44302e3fa95f","Vehicle-CodewithYu-123","Camera1","[51.59533875072212,-0.28703814338096606]","2025-04-09 09:48:13.566","Base64EncodedString"
"65f62400-d67f-4f6b-8bd4-136beb99609e","Vehicle-CodewithYu-123","Camera1","[51.67303534003148,-0.4296322781420296]","2025-04-09 09:55:14.719","Base64EncodedString"
"490c7dc7-74bd-4db9-9a2e-a7b9cc527b26","Vehicle-CodewithYu-123","Camera1","[51.80891308876334,-0.6769561300315223]","2025-04-09 10:05:24.719","Base64EncodedString"
"de190d50-e464-4c5a-83e6-04a32b42e53d","Vehicle-CodewithYu-123","Camera1","[52.31068867562316,-1.5752002162907521]","2025-04-09 10:44:22.719","Base64EncodedString"
"af6c4416-f314-4178-a095-447266aa092f","Vehicle-CodewithYu-123","Camera1","[52.00555457846625,-1.0293325723937157]","2025-04-09 10:27:51.905","Base64EncodedString"
"c495faeb-be6b-4889-80b3-139d420dfba6","Vehicle-CodewithYu-123","Camera1","[52.01582308909671,-1.0466259440303884]","2025-04-09 10:28:30.905","Base64EncodedString"
"b591977e-e0de-45fa-b2ff-01be6e49ac1f","Vehicle-CodewithYu-123","Camera1","[51.92719114446106,-0.8878081850512451]","2025-04-09 10:21:57.905","Base64EncodedString"
"3edea7e7-d5fc-4e39-8a21-371513cf39f0","Vehicle-CodewithYu-123","Camera1","[51.93717860943231,-0.905167286952889]","2025-04-09 10:22:32.905","Base64EncodedString"
"7778734a-3f18-4826-8791-55079166e74f","Vehicle-CodewithYu-123","Camera1","[51.64420116505342,-0.37638614926382447]","2025-04-09 10:05:28.940","Base64EncodedString"
"e77e1043-954c-43ff-abff-ad02241a9e67","Vehicle-CodewithYu-123","Camera1","[52.33074049734235,-1.6105775131444728]","2025-04-09 10:46:05.719","Base64EncodedString"
"89418c40-794c-4ba2-bd1c-2b877480b8a7","Vehicle-CodewithYu-123","Camera1","[52.34004335766958,-1.627913528480238]","2025-04-09 10:46:42.719","Base64EncodedString"
"c02805f3-4445-4b33-ad20-dfea79b31f2b","Vehicle-CodewithYu-123","Camera1","[51.62432742956925,-0.3407225824547486]","2025-04-09 10:04:18.940","Base64EncodedString"
"d349a1cc-0119-4286-9a51-6f69d348d263","Vehicle-CodewithYu-123","Camera1","[51.634053529653166,-0.3583310066137131]","2025-04-09 10:04:51.940","Base64EncodedString"
"cfc4dcc4-889d-4b8f-9860-e0b91bbe38b7","Vehicle-CodewithYu-123","Camera1","[52.290669885084306,-1.5397741700659155]","2025-04-09 10:42:33.719","Base64EncodedString"
"07fd6bf7-b2ad-413a-a40c-9a47892d28db","Vehicle-CodewithYu-123","Camera1","[52.30054522542986,-1.5571735709153582]","2025-04-09 10:43:31.719","Base64EncodedString"
"3ca15b0a-ec0e-49a4-95d2-9bd3d44826c5","Vehicle-CodewithYu-123","Camera1","[51.67303534003148,-0.4296322781420296]","2025-04-09 10:02:54.905","Base64EncodedString"
"b9ca3c6b-27d7-4ce4-9cc3-9b939891058a","Vehicle-CodewithYu-123","Camera1","[51.68247813685676,-0.447461570316535]","2025-04-09 10:03:54.905","Base64EncodedString"
"03ffd9b4-7024-4e20-a8b6-c62f8ee80aac","Vehicle-CodewithYu-123","Camera1","[51.52717667186139,-0.16331096963185496]","2025-04-09 09:56:32.940","Base64EncodedString"
"65675169-2c6a-4b74-9948-33360cccea85","Vehicle-CodewithYu-123","Camera1","[51.76982726766227,-0.6061539114424331]","2025-04-09 10:09:47.905","Base64EncodedString"
"11a1248c-3b7c-4bb2-a267-2fe774fecb46","Vehicle-CodewithYu-123","Camera1","[51.7793148404923,-0.6233614595412037]","2025-04-09 10:10:28.905","Base64EncodedString"
"d28ae3a6-13e5-479a-bc44-e65f8c6709f7","Vehicle-CodewithYu-123","Camera1","[51.5560755049834,-0.215934295320625]","2025-04-09 09:53:28.905","Base64EncodedString"
"6e5abc74-bd40-4e2e-ae39-b937ee54ad03","Vehicle-CodewithYu-123","Camera1","[51.56604811923439,-0.23321744340043518]","2025-04-09 09:54:22.905","Base64EncodedString"
"3e2e70e4-75c6-4a0f-be49-5cb72ac19ad8","Vehicle-CodewithYu-123","Camera1","[51.653912743676436,-0.3940451245957878]","2025-04-09 09:53:33.719","Base64EncodedString"
"24a55eea-761f-4bee-bb1b-26a91c360107","Vehicle-CodewithYu-123","Camera1","[51.66334092597353,-0.4119876365600006]","2025-04-09 09:54:17.719","Base64EncodedString"
"f8fc083e-7be8-42ae-bb3e-d45c93d524dc","Vehicle-CodewithYu-123","Camera1","[51.58537046731186,-0.2690266951239498]","2025-04-09 09:55:54.905","Base64EncodedString"
"0c1845b2-560a-44b6-8b48-533dae243521","Vehicle-CodewithYu-123","Camera1","[51.59533875072212,-0.28703814338096606]","2025-04-09 09:56:52.905","Base64EncodedString"
"acb174a1-92ca-43e9-8566-1f703fb87559","Vehicle-CodewithYu-123","Camera1","[51.907637647700874,-0.8527921174258725]","2025-04-09 10:20:27.905","Base64EncodedString"
"c27cafad-2ef0-42b9-ad04-3d2bc4d8c262","Vehicle-CodewithYu-123","Camera1","[51.917253000367815,-0.870463418100856]","2025-04-09 10:21:07.905","Base64EncodedString"
"84c28efc-d276-447c-abc2-25bf21812c5f","Vehicle-CodewithYu-123","Camera1","[51.751016404762034,-0.5708880056534111]","2025-04-09 10:00:54.719","Base64EncodedString"
"cb62bc22-9120-43b1-8536-e5fdcbc0404c","Vehicle-CodewithYu-123","Camera1","[51.52717667186139,-0.16331096963185496]","2025-04-09 09:42:45.566","Base64EncodedString"
"31df560c-a8d7-46e8-9ca3-a87520bbd130","Vehicle-CodewithYu-123","Camera1","[51.53656688213791,-0.1810570423312176]","2025-04-09 09:43:26.566","Base64EncodedString"
"cc3c3d3d-8a43-48b1-8f1c-6f5cd680e29f","Vehicle-CodewithYu-123","Camera1","[51.54643223428317,-0.1984784704950027]","2025-04-09 09:43:57.566","Base64EncodedString"
"f4463845-d1c0-4ce1-b4bd-f181fbb09f95","Vehicle-CodewithYu-123","Camera1","[52.349783363089486,-1.6458179787238196]","2025-04-09 10:47:31.719","Base64EncodedString"
"876acbd9-f22e-4b16-9f02-cd3ab2952fbb","Vehicle-CodewithYu-123","Camera1","[52.38915886804575,-1.7169872951005476]","2025-04-09 10:50:37.719","Base64EncodedString"
"77ae3823-b8ad-4037-b889-0f71b3a6c0ab","Vehicle-CodewithYu-123","Camera1","[51.58537046731186,-0.2690266951239498]","2025-04-09 10:01:02.940","Base64EncodedString"
"c6c1a5d1-1306-4668-8c32-eaa21d8894a0","Vehicle-CodewithYu-123","Camera1","[51.5560755049834,-0.215934295320625]","2025-04-09 09:58:36.940","Base64EncodedString"
"73c2fc2d-e8f6-402b-aa38-e45e3f21d52e","Vehicle-CodewithYu-123","Camera1","[51.56604811923439,-0.23321744340043518]","2025-04-09 09:59:30.940","Base64EncodedString"
"617754f3-3c10-4abb-be8b-05f05a8cf73a","Vehicle-CodewithYu-123","Camera1","[51.575991557899684,-0.2509478114993745]","2025-04-09 10:00:29.940","Base64EncodedString"
"51720c08-9942-4cb9-a048-3820dae418cc","Vehicle-CodewithYu-123","Camera1","[51.711731456132256,-0.5005546273065101]","2025-04-09 10:06:03.905","Base64EncodedString"
"569cf7bc-a0b0-4e4c-99f6-e0dff3e5e6f4","Vehicle-CodewithYu-123","Camera1","[52.191554637248785,-1.364493656308254]","2025-04-09 10:34:44.719","Base64EncodedString"
"8f94bd85-9c63-4540-8fb3-02c6a0796aef","Vehicle-CodewithYu-123","Camera1","[51.54643223428317,-0.1984784704950027]","2025-04-09 09:52:36.905","Base64EncodedString"
"48c9f24d-299f-4160-8cca-8dcece75553c","Vehicle-CodewithYu-123","Camera1","[52.074088663461644,-1.1523669099006413]","2025-04-09 10:25:19.719","Base64EncodedString"
"fcfdac12-63aa-4bd0-b7d4-c0b92f159ea7","Vehicle-CodewithYu-123","Camera1","[51.5560755049834,-0.215934295320625]","2025-04-09 09:44:49.566","Base64EncodedString"
"d61d7fce-6585-4b3a-9d23-7929de87cb17","Vehicle-CodewithYu-123","Camera1","[51.56604811923439,-0.23321744340043518]","2025-04-09 09:45:43.566","Base64EncodedString"
"ba15e04a-255b-472e-ad78-aa156c13a875","Vehicle-CodewithYu-123","Camera1","[51.634053529653166,-0.3583310066137131]","2025-04-09 09:52:03.719","Base64EncodedString"
"63f7e862-3000-4927-b02c-6b892a64a93f","Vehicle-CodewithYu-123","Camera1","[51.64420116505342,-0.37638614926382447]","2025-04-09 09:52:40.719","Base64EncodedString"
"10b22ce4-b15b-4aeb-910c-d792627f8a74","Vehicle-CodewithYu-123","Camera1","[52.171891687186196,-1.3294456301819304]","2025-04-09 10:33:13.719","Base64EncodedString"
"a4701304-b93f-4dc6-a78a-9b3cd7c0e96b","Vehicle-CodewithYu-123","Camera1","[52.18164917778718,-1.346602426551356]","2025-04-09 10:33:53.719","Base64EncodedString"
"115f7b9e-33d5-41ac-83f6-ba304b2c5fe6","Vehicle-CodewithYu-123","Camera1","[51.94740808003085,-0.9230949571757973]","2025-04-09 10:15:40.719","Base64EncodedString"
"b2d66536-ecf4-4f43-835a-301ea4680e9e","Vehicle-CodewithYu-123","Camera1","[51.95722882527616,-0.9405594358351099]","2025-04-09 10:16:12.719","Base64EncodedString"
"4a961792-f57c-40c5-b761-ed01671a2f4c","Vehicle-CodewithYu-123","Camera1","[51.653912743676436,-0.3940451245957878]","2025-04-09 10:01:13.905","Base64EncodedString"
"e195da9f-0492-419f-b5aa-39cfc96eea4d","Vehicle-CodewithYu-123","Camera1","[51.66334092597353,-0.4119876365600006]","2025-04-09 10:01:57.905","Base64EncodedString"
"79748650-fa4f-4145-b50d-f86132d94613","Vehicle-CodewithYu-123","Camera1","[51.59533875072212,-0.28703814338096606]","2025-04-09 10:02:00.940","Base64EncodedString"
"0afb768f-dd2a-420b-94eb-6f9c758e5060","Vehicle-CodewithYu-123","Camera1","[51.605134432396724,-0.3050577325581683]","2025-04-09 10:02:50.940","Base64EncodedString"
"89fed807-d290-4d09-a74f-b6d86421c885","Vehicle-CodewithYu-123","Camera1","[51.78924432223091,-0.6410877811568436]","2025-04-09 10:03:44.719","Base64EncodedString"
"2de3d230-817c-40ec-a503-4df6bc9192be","Vehicle-CodewithYu-123","Camera1","[51.79926086729156,-0.6589001038426486]","2025-04-09 10:04:33.719","Base64EncodedString"
"d4ae3eac-a6cf-4a22-be55-9add19ac2bbf","Vehicle-CodewithYu-123","Camera1","[51.80891308876334,-0.6769561300315223]","2025-04-09 10:13:04.905","Base64EncodedString"
"626f04b5-9367-4680-aeb1-d2999e3529a9","Vehicle-CodewithYu-123","Camera1","[51.877848785521714,-0.8006530313004616]","2025-04-09 10:18:07.905","Base64EncodedString"
"1992eda5-103f-4b19-8a8c-11ce272af6c2","Vehicle-CodewithYu-123","Camera1","[51.887467666912755,-0.8183131069971105]","2025-04-09 10:18:38.905","Base64EncodedString"
"8003ef41-7ef3-4044-a021-35e194d2117b","Vehicle-CodewithYu-123","Camera1","[52.04481721236487,-1.0998625066047374]","2025-04-09 10:23:00.719","Base64EncodedString"
"08a56d57-2f33-48a2-acd4-cb94a20c3ac2","Vehicle-CodewithYu-123","Camera1","[51.907637647700874,-0.8527921174258725]","2025-04-09 10:12:47.719","Base64EncodedString"
"b6d947ff-5175-4a52-9409-0265c1a0b123","Vehicle-CodewithYu-123","Camera1","[51.740783353822984,-0.553453025277167]","2025-04-09 10:08:00.905","Base64EncodedString"
"54715cc8-8b8d-40b3-9479-757faf4f3dfd","Vehicle-CodewithYu-123","Camera1","[51.51732742679845,-0.14590098924477735]","2025-04-09 08:21:16.398","Base64EncodedString"
"f6e0663c-111c-47e4-a89a-4d04696f1d80","Vehicle-CodewithYu-123","Camera1","[51.52717667186139,-0.16331096963185496]","2025-04-09 08:22:08.398","Base64EncodedString"
"38aa190c-ea80-4385-afcf-76ae840c46e8","Vehicle-CodewithYu-123","Camera1","[51.53656688213791,-0.1810570423312176]","2025-04-09 08:22:49.398","Base64EncodedString"
"4a5f1e23-4b65-4550-a34c-a302e8215c97","Vehicle-CodewithYu-123","Camera1","[51.54643223428317,-0.1984784704950027]","2025-04-09 08:23:20.398","Base64EncodedString"
"faf7049c-44ad-457c-b6f4-018a74af04a6","Vehicle-CodewithYu-123","Camera1","[51.5560755049834,-0.215934295320625]","2025-04-09 08:24:12.398","Base64EncodedString"
"1fa32fdd-fb80-455f-9f7b-b769729043de","Vehicle-CodewithYu-123","Camera1","[51.56604811923439,-0.23321744340043518]","2025-04-09 08:25:06.398","Base64EncodedString"
"9f683de8-61bd-4962-adad-5195b9132f6f","Vehicle-CodewithYu-123","Camera1","[51.575991557899684,-0.2509478114993745]","2025-04-09 08:26:05.398","Base64EncodedString"
"f928db42-e5e2-4cc6-959a-864c043c0d83","Vehicle-CodewithYu-123","Camera1","[51.58537046731186,-0.2690266951239498]","2025-04-09 08:26:38.398","Base64EncodedString"
"f21c71f7-94b8-4d4d-90c2-b89029ba3ec8","Vehicle-CodewithYu-123","Camera1","[51.59533875072212,-0.28703814338096606]","2025-04-09 08:27:36.398","Base64EncodedString"
"2e37e9a0-4752-45c7-8f1f-84c01bc88726","Vehicle-CodewithYu-123","Camera1","[51.605134432396724,-0.3050577325581683]","2025-04-09 08:28:26.398","Base64EncodedString"
"43ba98b8-ce6c-4ea3-a568-d4bd7587098c","Vehicle-CodewithYu-123","Camera1","[51.61491103810475,-0.3230718648328474]","2025-04-09 08:29:07.398","Base64EncodedString"
"908f8fab-577c-45a1-b40a-df3714c7e722","Vehicle-CodewithYu-123","Camera1","[51.62432742956925,-0.3407225824547486]","2025-04-09 08:29:54.398","Base64EncodedString"
"6081017b-f368-4c60-af52-cbdba480e6f0","Vehicle-CodewithYu-123","Camera1","[51.634053529653166,-0.3583310066137131]","2025-04-09 08:30:27.398","Base64EncodedString"
"21b1d3be-b71e-4792-a70f-730f885842a0","Vehicle-CodewithYu-123","Camera1","[51.64420116505342,-0.37638614926382447]","2025-04-09 08:31:04.398","Base64EncodedString"
"a451e683-28b5-4f19-8aac-ffb398dfbb52","Vehicle-CodewithYu-123","Camera1","[51.653912743676436,-0.3940451245957878]","2025-04-09 08:31:57.398","Base64EncodedString"
"4b1cac6e-5dda-42e3-bf50-239f0acda384","Vehicle-CodewithYu-123","Camera1","[51.66334092597353,-0.4119876365600006]","2025-04-09 08:32:41.398","Base64EncodedString"
"79d94463-ac93-4b30-9795-b5dbd8ed279a","Vehicle-CodewithYu-123","Camera1","[51.67303534003148,-0.4296322781420296]","2025-04-09 08:33:38.398","Base64EncodedString"
"976d09ad-0402-488a-b896-60f6b8355119","Vehicle-CodewithYu-123","Camera1","[51.51732742679845,-0.14590098924477735]","2025-04-09 08:46:01.668","Base64EncodedString"
"63f02778-df5d-4af7-bfd4-97229df69865","Vehicle-CodewithYu-123","Camera1","[51.52717667186139,-0.16331096963185496]","2025-04-09 08:46:53.668","Base64EncodedString"
"84654c88-75b8-49c4-b947-720c1f29fe22","Vehicle-CodewithYu-123","Camera1","[51.53656688213791,-0.1810570423312176]","2025-04-09 08:47:34.668","Base64EncodedString"
"04adbaf7-b850-440f-bb94-14cd320f477e","Vehicle-CodewithYu-123","Camera1","[51.54643223428317,-0.1984784704950027]","2025-04-09 08:48:05.668","Base64EncodedString"
"2d162135-7db3-4a36-9742-2d71397208ee","Vehicle-CodewithYu-123","Camera1","[51.5560755049834,-0.215934295320625]","2025-04-09 08:48:57.668","Base64EncodedString"
"a80404f1-1ac7-4f14-b03a-9c78ab0fab4c","Vehicle-CodewithYu-123","Camera1","[51.56604811923439,-0.23321744340043518]","2025-04-09 08:49:51.668","Base64EncodedString"
"4cc82834-123f-41e9-b7f3-c313e8d08295","Vehicle-CodewithYu-123","Camera1","[51.575991557899684,-0.2509478114993745]","2025-04-09 08:50:50.668","Base64EncodedString"
"c4aa1847-2511-47cc-83d9-b402b74305eb","Vehicle-CodewithYu-123","Camera1","[51.58537046731186,-0.2690266951239498]","2025-04-09 08:51:23.668","Base64EncodedString"
"f81c1f56-e732-42ca-b50c-38e67fb07a64","Vehicle-CodewithYu-123","Camera1","[51.59533875072212,-0.28703814338096606]","2025-04-09 08:52:21.668","Base64EncodedString"
"d7d3ef88-e784-4e01-9f4a-7d3ea5dd8e35","Vehicle-CodewithYu-123","Camera1","[51.605134432396724,-0.3050577325581683]","2025-04-09 08:53:11.668","Base64EncodedString"
"f4b31474-aac0-4cd4-9f0b-7a03d0391e4e","Vehicle-CodewithYu-123","Camera1","[51.61491103810475,-0.3230718648328474]","2025-04-09 08:53:52.668","Base64EncodedString"
"206cd88a-4905-4c12-8240-6bc14e3429ff","Vehicle-CodewithYu-123","Camera1","[51.62432742956925,-0.3407225824547486]","2025-04-09 08:54:39.668","Base64EncodedString"
"974acc50-11bc-43a3-8389-5240a23d86fc","Vehicle-CodewithYu-123","Camera1","[51.634053529653166,-0.3583310066137131]","2025-04-09 08:55:12.668","Base64EncodedString"
"93ff240f-34b8-4499-953b-70dcc1f596c6","Vehicle-CodewithYu-123","Camera1","[51.64420116505342,-0.37638614926382447]","2025-04-09 08:55:49.668","Base64EncodedString"
"fe83e906-43dc-474e-8195-2501d0816ea4","Vehicle-CodewithYu-123","Camera1","[51.653912743676436,-0.3940451245957878]","2025-04-09 08:56:42.668","Base64EncodedString"
"43cb95b2-0fd8-4eb5-bd21-46d70750f83a","Vehicle-CodewithYu-123","Camera1","[51.66334092597353,-0.4119876365600006]","2025-04-09 08:57:26.668","Base64EncodedString"
"f530559f-3a73-4fa7-86aa-d0cb0f63f7f0","Vehicle-CodewithYu-123","Camera1","[51.67303534003148,-0.4296322781420296]","2025-04-09 08:58:23.668","Base64EncodedString"
"cf6d75d5-1ea8-4165-8962-4fde1af354ba","Vehicle-CodewithYu-123","Camera1","[51.68247813685676,-0.447461570316535]","2025-04-09 08:59:23.668","Base64EncodedString"
"57fe835f-24b3-4168-9967-278a0a8e1851","Vehicle-CodewithYu-123","Camera1","[51.69272691576003,-0.46550745885129446]","2025-04-09 08:59:58.668","Base64EncodedString"
"bd221b31-cead-44f9-a7f8-292f7b9c9449","Vehicle-CodewithYu-123","Camera1","[51.70243414067537,-0.4830497865620032]","2025-04-09 09:00:44.668","Base64EncodedString"
"609c636a-ef1d-47a2-b494-b0e65f3a7343","Vehicle-CodewithYu-123","Camera1","[51.711731456132256,-0.5005546273065101]","2025-04-09 09:01:32.668","Base64EncodedString"
"cbb0162c-4e09-44b3-888c-aee9478c9989","Vehicle-CodewithYu-123","Camera1","[51.72145764070526,-0.5181374093442486]","2025-04-09 09:02:11.668","Base64EncodedString"
"2d0500d8-ad93-4616-91a2-443a2999909e","Vehicle-CodewithYu-123","Camera1","[51.73086106937568,-0.5361563733665392]","2025-04-09 09:02:58.668","Base64EncodedString"
"4a7742f1-f4d6-4bc2-9db5-899a18da7a10","Vehicle-CodewithYu-123","Camera1","[51.740783353822984,-0.553453025277167]","2025-04-09 09:03:29.668","Base64EncodedString"
"7598bd48-c12f-46cc-989b-96ee9e8b6cd1","Vehicle-CodewithYu-123","Camera1","[51.751016404762034,-0.5708880056534111]","2025-04-09 09:04:03.668","Base64EncodedString"
"421afc15-24c5-46c8-bd27-27d70b87dfd4","Vehicle-CodewithYu-123","Camera1","[51.760514481300376,-0.5887644759141882]","2025-04-09 09:04:36.668","Base64EncodedString"
"75b5ff06-ef4b-4450-aced-9959e6503045","Vehicle-CodewithYu-123","Camera1","[51.76982726766227,-0.6061539114424331]","2025-04-09 09:05:16.668","Base64EncodedString"
"9d82bff6-08a4-4e57-9a6d-030946109dd8","Vehicle-CodewithYu-123","Camera1","[51.7793148404923,-0.6233614595412037]","2025-04-09 09:05:57.668","Base64EncodedString"
"e0194704-5527-4d5b-9847-e7bb78845f1e","Vehicle-CodewithYu-123","Camera1","[51.78924432223091,-0.6410877811568436]","2025-04-09 09:06:53.668","Base64EncodedString"
"8a85ea5f-9f6f-4c5d-8c1d-25aa7081bd44","Vehicle-CodewithYu-123","Camera1","[51.79926086729156,-0.6589001038426486]","2025-04-09 09:07:42.668","Base64EncodedString"
"4f862455-3a70-4ee0-ae33-77e4aca868d8","Vehicle-CodewithYu-123","Camera1","[51.80891308876334,-0.6769561300315223]","2025-04-09 09:08:33.668","Base64EncodedString"
"f710c7e9-8c01-4239-944e-31456c87ecec","Vehicle-CodewithYu-123","Camera1","[51.81875550124101,-0.6948902899385322]","2025-04-09 09:09:24.668","Base64EncodedString"
"885d62c8-b977-4fda-85c2-15d11bb56ccb","Vehicle-CodewithYu-123","Camera1","[51.82850848943126,-0.7125741301392274]","2025-04-09 09:10:00.668","Base64EncodedString"
"4434ec1c-6b2d-44dc-afe6-b967bad0e1e3","Vehicle-CodewithYu-123","Camera1","[51.838469285101816,-0.7304754894732302]","2025-04-09 09:10:36.668","Base64EncodedString"
"065f4eec-d8b3-4564-aedd-0c35705066fe","Vehicle-CodewithYu-123","Camera1","[51.848156937964696,-0.7484539181281389]","2025-04-09 09:11:28.668","Base64EncodedString"
"e72ab7d1-3e4a-4060-992b-0b9a299634c5","Vehicle-CodewithYu-123","Camera1","[51.85800234375873,-0.7656624481136834]","2025-04-09 09:12:01.668","Base64EncodedString"
"edc57dd5-e91d-4559-8082-aa1ca5d25f72","Vehicle-CodewithYu-123","Camera1","[51.86812091292845,-0.7832405761630726]","2025-04-09 09:12:59.668","Base64EncodedString"
"86973a9f-5915-45cc-bd54-fe8e348536f3","Vehicle-CodewithYu-123","Camera1","[51.877848785521714,-0.8006530313004616]","2025-04-09 09:13:36.668","Base64EncodedString"
"a43dad41-c851-4367-b0ae-2e96716e3ee5","Vehicle-CodewithYu-123","Camera1","[51.887467666912755,-0.8183131069971105]","2025-04-09 09:14:07.668","Base64EncodedString"
"d14916da-fd7f-40cc-ad45-c234561c8cc9","Vehicle-CodewithYu-123","Camera1","[51.89750914203781,-0.8355856590465414]","2025-04-09 09:15:07.668","Base64EncodedString"
"66eb14a5-6b30-4690-8361-38f817163aa5","Vehicle-CodewithYu-123","Camera1","[51.907637647700874,-0.8527921174258725]","2025-04-09 09:15:56.668","Base64EncodedString"
"2a5509ec-d800-4ace-bdfe-b72bc104e6db","Vehicle-CodewithYu-123","Camera1","[51.917253000367815,-0.870463418100856]","2025-04-09 09:16:36.668","Base64EncodedString"
"30f4ba14-bdd8-48f9-8062-e55088fac51a","Vehicle-CodewithYu-123","Camera1","[51.92719114446106,-0.8878081850512451]","2025-04-09 09:17:26.668","Base64EncodedString"
"e06afb5e-ced5-42ec-856a-0b8bd12b6899","Vehicle-CodewithYu-123","Camera1","[51.93717860943231,-0.905167286952889]","2025-04-09 09:18:01.668","Base64EncodedString"
"6a37285c-fdcf-485c-97b5-9051f2d1403f","Vehicle-CodewithYu-123","Camera1","[51.94740808003085,-0.9230949571757973]","2025-04-09 09:18:49.668","Base64EncodedString"
"2d80a670-a696-4bbe-8703-42afb71e2149","Vehicle-CodewithYu-123","Camera1","[51.95722882527616,-0.9405594358351099]","2025-04-09 09:19:21.668","Base64EncodedString"
"98fcb552-afd8-4e4a-a4f6-b2ff5ca9620b","Vehicle-CodewithYu-123","Camera1","[51.61491103810475,-0.3230718648328474]","2025-04-09 09:58:23.905","Base64EncodedString"
"ff3818c3-aad0-4cdd-88b2-73dd9e6d008b","Vehicle-CodewithYu-123","Camera1","[51.966692962237246,-0.9581636890881715]","2025-04-09 09:20:11.668","Base64EncodedString"
"767d43bf-1653-4ff4-88aa-be9798e149ca","Vehicle-CodewithYu-123","Camera1","[51.97625989048644,-0.9758388870879777]","2025-04-09 09:21:05.668","Base64EncodedString"
"cce47cf6-57bd-489d-8ebd-86868c9fb278","Vehicle-CodewithYu-123","Camera1","[51.98582754897448,-0.9933687320800403]","2025-04-09 09:22:03.668","Base64EncodedString"
"7a337273-91c3-480b-a316-a43017f4b781","Vehicle-CodewithYu-123","Camera1","[51.995563723524064,-1.0114774888206919]","2025-04-09 09:22:42.668","Base64EncodedString"
"230728d3-5c56-486d-bbcd-570d4f18deb2","Vehicle-CodewithYu-123","Camera1","[52.00555457846625,-1.0293325723937157]","2025-04-09 09:23:20.668","Base64EncodedString"
"a8cf0890-69bf-40c9-9969-2bcd63839ba2","Vehicle-CodewithYu-123","Camera1","[52.01582308909671,-1.0466259440303884]","2025-04-09 09:23:59.668","Base64EncodedString"
"7a77d40c-e3fb-4fe5-bb01-a06ea9caf1a0","Vehicle-CodewithYu-123","Camera1","[52.025213676743505,-1.064739678627013]","2025-04-09 09:24:38.668","Base64EncodedString"
"3320ae4a-5abd-40fb-aa85-c9849b379ab2","Vehicle-CodewithYu-123","Camera1","[52.035078697899976,-1.0821792276087567]","2025-04-09 09:25:12.668","Base64EncodedString"
"2a2e048c-b408-42e9-b5bc-c28ed01546eb","Vehicle-CodewithYu-123","Camera1","[52.04481721236487,-1.0998625066047374]","2025-04-09 09:26:09.668","Base64EncodedString"
"0e2d1301-765d-4213-adfd-b26f6a3cbef9","Vehicle-CodewithYu-123","Camera1","[52.05476564050206,-1.1178314495113564]","2025-04-09 09:26:44.668","Base64EncodedString"
"eb7adae4-f5fe-4a85-a457-22b10b0e0a38","Vehicle-CodewithYu-123","Camera1","[52.06474102542213,-1.1350335384668737]","2025-04-09 09:27:39.668","Base64EncodedString"
"bd9eb22b-dead-4641-a0bf-1e6f1523bbf0","Vehicle-CodewithYu-123","Camera1","[52.074088663461644,-1.1523669099006413]","2025-04-09 09:28:28.668","Base64EncodedString"
"c4cf9201-0057-45a6-aa5d-9b00a6a77069","Vehicle-CodewithYu-123","Camera1","[52.08381442232522,-1.1698948732386]","2025-04-09 09:29:26.668","Base64EncodedString"
"d70688a3-3760-46b7-9842-122490cf5382","Vehicle-CodewithYu-123","Camera1","[52.093678669309824,-1.1872577642344282]","2025-04-09 09:30:01.668","Base64EncodedString"
"2ed1eda5-23d6-4b26-8f64-622af2a2aa5f","Vehicle-CodewithYu-123","Camera1","[52.10337501740325,-1.2050627059784715]","2025-04-09 09:30:34.668","Base64EncodedString"
"1434d8c3-12fc-4116-858e-88207ef9e3c2","Vehicle-CodewithYu-123","Camera1","[52.1129154162542,-1.2230727843770406]","2025-04-09 09:31:28.668","Base64EncodedString"
"bebf81f7-5de0-42d1-9cfc-4e9db1aaabd1","Vehicle-CodewithYu-123","Camera1","[52.12240697449255,-1.2406495647379552]","2025-04-09 09:32:27.668","Base64EncodedString"
"71e81992-5fe1-4af8-9c01-8cb7fde770d3","Vehicle-CodewithYu-123","Camera1","[52.1322472259016,-1.2586823555366735]","2025-04-09 09:33:23.668","Base64EncodedString"
"ff41731c-3d8d-4a80-b4a2-1a81906f5d0a","Vehicle-CodewithYu-123","Camera1","[52.14177895680768,-1.276257090459793]","2025-04-09 09:34:05.668","Base64EncodedString"
"d81603d3-73bf-4a4d-980b-7ca2f884fb19","Vehicle-CodewithYu-123","Camera1","[52.151887506280865,-1.29410025147651]","2025-04-09 09:34:44.668","Base64EncodedString"
"8e75fd6c-ccc2-4200-be9c-ffef59e3c47d","Vehicle-CodewithYu-123","Camera1","[52.16210835853658,-1.311356649793276]","2025-04-09 09:35:36.668","Base64EncodedString"
"d5cfc31d-5a5c-4b74-9bbe-5c8eff5ce928","Vehicle-CodewithYu-123","Camera1","[52.171891687186196,-1.3294456301819304]","2025-04-09 09:36:22.668","Base64EncodedString"
"7e752b13-1015-4f5e-af0b-6795c6eb8c03","Vehicle-CodewithYu-123","Camera1","[52.18164917778718,-1.346602426551356]","2025-04-09 09:37:02.668","Base64EncodedString"
"3ddc3307-7e15-4947-a098-0d8ac76ad21d","Vehicle-CodewithYu-123","Camera1","[52.191554637248785,-1.364493656308254]","2025-04-09 09:37:53.668","Base64EncodedString"
"abb9da8a-de45-4db4-a805-8c34a194c26d","Vehicle-CodewithYu-123","Camera1","[52.201746061310836,-1.3825736653395766]","2025-04-09 09:38:48.668","Base64EncodedString"
"0735d5b0-040c-44d5-bcf9-d9eaec0728c0","Vehicle-CodewithYu-123","Camera1","[52.21165377167937,-1.40045883554772]","2025-04-09 09:39:47.668","Base64EncodedString"
"bee0019e-96b0-4930-a5af-c7986e760313","Vehicle-CodewithYu-123","Camera1","[52.221015633579654,-1.4176395999127853]","2025-04-09 09:40:35.668","Base64EncodedString"
"0c2b3e32-2e76-491e-abcb-6e64f223de74","Vehicle-CodewithYu-123","Camera1","[52.230875556272004,-1.4351907879826067]","2025-04-09 09:41:27.668","Base64EncodedString"
"f44071aa-51d5-4a7b-86e8-183f49e724a5","Vehicle-CodewithYu-123","Camera1","[52.24099639517168,-1.4524138530641568]","2025-04-09 09:42:21.668","Base64EncodedString"
"2a52f5ae-5151-4a74-8360-b6e5da8a4e31","Vehicle-CodewithYu-123","Camera1","[52.25118779887575,-1.4698935124552661]","2025-04-09 09:43:00.668","Base64EncodedString"
"8f2dd57a-37ee-4b55-aced-adc0601f3e0f","Vehicle-CodewithYu-123","Camera1","[52.26100665124945,-1.4871060254807844]","2025-04-09 09:43:56.668","Base64EncodedString"
"3fc5cbec-84ec-480a-92ff-5516bdd8b763","Vehicle-CodewithYu-123","Camera1","[52.27115479184635,-1.5045078087687087]","2025-04-09 09:44:38.668","Base64EncodedString"
"d88f12ab-f4cf-4ac5-b126-19059dd4dd93","Vehicle-CodewithYu-123","Camera1","[52.28126520914758,-1.521693516876929]","2025-04-09 09:45:11.668","Base64EncodedString"
"d2ba1885-c2b8-428a-9269-c7639b91151c","Vehicle-CodewithYu-123","Camera1","[52.290669885084306,-1.5397741700659155]","2025-04-09 09:45:42.668","Base64EncodedString"
"186c9208-9dac-47d8-9fbd-7ca02a4af596","Vehicle-CodewithYu-123","Camera1","[52.30054522542986,-1.5571735709153582]","2025-04-09 09:46:40.668","Base64EncodedString"
"5e69f13c-c8b3-43f1-8582-55b1418a739b","Vehicle-CodewithYu-123","Camera1","[52.31068867562316,-1.5752002162907521]","2025-04-09 09:47:31.668","Base64EncodedString"
"f4bba26c-7de4-4cbd-956f-ca2a794aaba3","Vehicle-CodewithYu-123","Camera1","[52.32063944436123,-1.592684511823519]","2025-04-09 09:48:20.668","Base64EncodedString"
"70045b5c-e07f-4eb9-a8ab-e87977ace14d","Vehicle-CodewithYu-123","Camera1","[52.33074049734235,-1.6105775131444728]","2025-04-09 09:49:14.668","Base64EncodedString"
"635039c7-0349-458a-b029-d89772a864c7","Vehicle-CodewithYu-123","Camera1","[52.34004335766958,-1.627913528480238]","2025-04-09 09:49:51.668","Base64EncodedString"
"79f522e5-833a-443d-a2f0-31c60e1591fe","Vehicle-CodewithYu-123","Camera1","[52.349783363089486,-1.6458179787238196]","2025-04-09 09:50:40.668","Base64EncodedString"
"fa9d6935-bc2e-4983-bd4d-3b26bc27e83f","Vehicle-CodewithYu-123","Camera1","[52.35975746058555,-1.6634537098696753]","2025-04-09 09:51:39.668","Base64EncodedString"
"bf2451f7-122c-43c2-8a86-6708b5e18041","Vehicle-CodewithYu-123","Camera1","[52.37004008834141,-1.681049153032244]","2025-04-09 09:52:23.668","Base64EncodedString"
"0b441272-b6a7-4a7c-affa-5301bf653867","Vehicle-CodewithYu-123","Camera1","[52.37977964325738,-1.6989466594578793]","2025-04-09 09:53:03.668","Base64EncodedString"
"d371c7d8-6a59-432b-981a-bd72e0b9b1b3","Vehicle-CodewithYu-123","Camera1","[52.38915886804575,-1.7169872951005476]","2025-04-09 09:53:46.668","Base64EncodedString"
"def2a45e-2a12-42d9-a791-e24e6a46da3e","Vehicle-CodewithYu-123","Camera1","[52.399314960194616,-1.7343922344218015]","2025-04-09 09:54:46.668","Base64EncodedString"
"40dc955f-f0cd-4791-bef1-e675b9345038","Vehicle-CodewithYu-123","Camera1","[52.40871784550815,-1.7522396662093065]","2025-04-09 09:55:23.668","Base64EncodedString"
"b41b4c95-10bf-40b7-bb56-c99a1d66029d","Vehicle-CodewithYu-123","Camera1","[52.418927383029185,-1.7700146427885695]","2025-04-09 09:55:58.668","Base64EncodedString"
"426ceef5-1446-4a8a-a638-581583c0a6e5","Vehicle-CodewithYu-123","Camera1","[52.42866902881986,-1.7879832335127244]","2025-04-09 09:56:37.668","Base64EncodedString"
"b7519000-08af-489b-bca5-9b3b1ddf3c4e","Vehicle-CodewithYu-123","Camera1","[52.43840014179419,-1.8056852187396113]","2025-04-09 09:57:26.668","Base64EncodedString"
"fbeaef5e-2309-494a-80be-b82c378b43ba","Vehicle-CodewithYu-123","Camera1","[52.447733559156795,-1.8234159553435236]","2025-04-09 09:58:15.668","Base64EncodedString"
"6decfb5f-0c5d-4572-89c5-3d8be8635243","Vehicle-CodewithYu-123","Camera1","[52.45715074485855,-1.841009372995656]","2025-04-09 09:58:52.668","Base64EncodedString"
"3c9fca74-bbd8-4b16-b105-32338c89357e","Vehicle-CodewithYu-123","Camera1","[52.46701450401929,-1.85856197331477]","2025-04-09 09:59:44.668","Base64EncodedString"
"1ba2fcb3-69f2-4bdd-adc6-c7f1ad8f28e9","Vehicle-CodewithYu-123","Camera1","[52.47673921579886,-1.8765821101813744]","2025-04-09 10:00:27.668","Base64EncodedString"
"3fe17554-f5f3-4c7c-bbf7-762b8732f532","Vehicle-CodewithYu-123","Camera1","[51.51732742679845,-0.14590098924477735]","2025-04-09 09:06:38.188","Base64EncodedString"
"745e15d0-d0dc-45cc-bb14-b5b0354b3d5c","Vehicle-CodewithYu-123","Camera1","[51.52717667186139,-0.16331096963185496]","2025-04-09 09:07:30.188","Base64EncodedString"
"a3e08c4c-62d6-4315-82bd-1a6061af829a","Vehicle-CodewithYu-123","Camera1","[51.53656688213791,-0.1810570423312176]","2025-04-09 09:08:11.188","Base64EncodedString"
"7c234a8c-1b27-4c99-9e3f-7ba6b157772a","Vehicle-CodewithYu-123","Camera1","[51.54643223428317,-0.1984784704950027]","2025-04-09 09:08:42.188","Base64EncodedString"
"fdda4364-7746-4191-ac24-193406d39ae7","Vehicle-CodewithYu-123","Camera1","[51.5560755049834,-0.215934295320625]","2025-04-09 09:09:34.188","Base64EncodedString"
"23ba3953-4786-46a9-ab86-c0d9e7818e5a","Vehicle-CodewithYu-123","Camera1","[51.56604811923439,-0.23321744340043518]","2025-04-09 09:10:28.188","Base64EncodedString"
"33498894-7f3d-4ac7-94d3-c259a251b983","Vehicle-CodewithYu-123","Camera1","[51.575991557899684,-0.2509478114993745]","2025-04-09 09:11:27.188","Base64EncodedString"
"5cc331ea-0e0b-4a55-97d8-cec1bafcf0d9","Vehicle-CodewithYu-123","Camera1","[51.58537046731186,-0.2690266951239498]","2025-04-09 09:12:00.188","Base64EncodedString"
"e98cddb6-3dc4-4d1c-82c9-6dca392489ac","Vehicle-CodewithYu-123","Camera1","[51.59533875072212,-0.28703814338096606]","2025-04-09 09:12:58.188","Base64EncodedString"
"06eedaf9-f99f-45a6-93ce-b9559c27dbc2","Vehicle-CodewithYu-123","Camera1","[51.605134432396724,-0.3050577325581683]","2025-04-09 09:13:48.188","Base64EncodedString"
"533dfca2-da69-4c5e-ba70-6860b09b246d","Vehicle-CodewithYu-123","Camera1","[51.61491103810475,-0.3230718648328474]","2025-04-09 09:14:29.188","Base64EncodedString"
"1c777be6-fc52-4354-95e5-62e902950df3","Vehicle-CodewithYu-123","Camera1","[51.62432742956925,-0.3407225824547486]","2025-04-09 09:15:16.188","Base64EncodedString"
"d230811b-274b-44be-9ebb-948d009b9e8b","Vehicle-CodewithYu-123","Camera1","[51.634053529653166,-0.3583310066137131]","2025-04-09 09:15:49.188","Base64EncodedString"
"3f985b56-10e4-4301-87e9-d94cfb9c5e11","Vehicle-CodewithYu-123","Camera1","[51.64420116505342,-0.37638614926382447]","2025-04-09 09:16:26.188","Base64EncodedString"
"d8c42f73-742a-40d7-9b4d-1bf9454015c8","Vehicle-CodewithYu-123","Camera1","[51.653912743676436,-0.3940451245957878]","2025-04-09 09:17:19.188","Base64EncodedString"
"d9a5a9b3-4d7b-43b2-a216-6aea0954ea42","Vehicle-CodewithYu-123","Camera1","[51.66334092597353,-0.4119876365600006]","2025-04-09 09:18:03.188","Base64EncodedString"
"b24079a6-2c69-4721-a5e0-68acf63f3999","Vehicle-CodewithYu-123","Camera1","[51.67303534003148,-0.4296322781420296]","2025-04-09 09:19:00.188","Base64EncodedString"
"b1f7203c-00c9-44a3-ab7d-5cf50cb6e277","Vehicle-CodewithYu-123","Camera1","[51.68247813685676,-0.447461570316535]","2025-04-09 09:20:00.188","Base64EncodedString"
"789663e7-4b42-4c7e-9949-f98f8f23d9f9","Vehicle-CodewithYu-123","Camera1","[51.69272691576003,-0.46550745885129446]","2025-04-09 09:20:35.188","Base64EncodedString"
"251c0625-033a-4f28-8c7a-16d2abfdda31","Vehicle-CodewithYu-123","Camera1","[51.70243414067537,-0.4830497865620032]","2025-04-09 09:21:21.188","Base64EncodedString"
"4c82b39e-a936-40b7-9811-a2dc0603e57c","Vehicle-CodewithYu-123","Camera1","[51.711731456132256,-0.5005546273065101]","2025-04-09 09:22:09.188","Base64EncodedString"
"f1ec57c5-d126-40d1-91de-1240ddf2e017","Vehicle-CodewithYu-123","Camera1","[51.51732742679845,-0.14590098924477735]","2025-04-09 09:10:57.591","Base64EncodedString"
"9f19f177-3fa9-442f-b23b-00c6993ca172","Vehicle-CodewithYu-123","Camera1","[51.52717667186139,-0.16331096963185496]","2025-04-09 09:11:49.591","Base64EncodedString"
"27dea2a7-0f75-4103-b3ad-acea528a3884","Vehicle-CodewithYu-123","Camera1","[51.53656688213791,-0.1810570423312176]","2025-04-09 09:12:30.591","Base64EncodedString"
"ac95e9ce-db84-497b-bd8c-9ff1213e0493","Vehicle-CodewithYu-123","Camera1","[51.54643223428317,-0.1984784704950027]","2025-04-09 09:13:01.591","Base64EncodedString"
"a645aadd-b629-4d3f-ab82-f7f88b321fb8","Vehicle-CodewithYu-123","Camera1","[51.5560755049834,-0.215934295320625]","2025-04-09 09:13:53.591","Base64EncodedString"
"1f5fd917-6d06-4060-bf25-dd94217e3441","Vehicle-CodewithYu-123","Camera1","[51.56604811923439,-0.23321744340043518]","2025-04-09 09:14:47.591","Base64EncodedString"
"b5ee26b0-f283-4021-80e1-5bd78400e68e","Vehicle-CodewithYu-123","Camera1","[51.575991557899684,-0.2509478114993745]","2025-04-09 09:15:46.591","Base64EncodedString"
"f7335d84-1592-43e2-9284-f85989000bf8","Vehicle-CodewithYu-123","Camera1","[51.58537046731186,-0.2690266951239498]","2025-04-09 09:16:19.591","Base64EncodedString"
"2f07f305-c313-4308-aded-6df8aa488d02","Vehicle-CodewithYu-123","Camera1","[51.59533875072212,-0.28703814338096606]","2025-04-09 09:17:17.591","Base64EncodedString"
"72342ef0-6c27-43bc-9550-909312d9be99","Vehicle-CodewithYu-123","Camera1","[51.605134432396724,-0.3050577325581683]","2025-04-09 09:18:07.591","Base64EncodedString"
"70f11ac1-be25-4d87-bb5c-698445475b98","Vehicle-CodewithYu-123","Camera1","[51.61491103810475,-0.3230718648328474]","2025-04-09 09:18:48.591","Base64EncodedString"
"2485713e-f39a-4b2e-aed7-3ba18cf59d99","Vehicle-CodewithYu-123","Camera1","[51.62432742956925,-0.3407225824547486]","2025-04-09 09:19:35.591","Base64EncodedString"
"a22dd676-1d55-4584-bd88-72fc1b834ca1","Vehicle-CodewithYu-123","Camera1","[51.634053529653166,-0.3583310066137131]","2025-04-09 09:20:08.591","Base64EncodedString"
"0dc299db-dc40-4734-a79b-93cc5e7bf84d","Vehicle-CodewithYu-123","Camera1","[51.64420116505342,-0.37638614926382447]","2025-04-09 09:20:45.591","Base64EncodedString"
"74acf579-2f35-404c-98c8-d9c0cb41ce1f","Vehicle-CodewithYu-123","Camera1","[51.653912743676436,-0.3940451245957878]","2025-04-09 09:21:38.591","Base64EncodedString"
"7c44b1f6-259d-49cb-8ca9-572ef1124902","Vehicle-CodewithYu-123","Camera1","[51.66334092597353,-0.4119876365600006]","2025-04-09 09:22:22.591","Base64EncodedString"
"40321a82-9871-43e0-898a-998b7ffbadd3","Vehicle-CodewithYu-123","Camera1","[51.67303534003148,-0.4296322781420296]","2025-04-09 09:23:19.591","Base64EncodedString"
"604d1444-8820-47be-a3d0-48aae569ab90","Vehicle-CodewithYu-123","Camera1","[51.68247813685676,-0.447461570316535]","2025-04-09 09:24:19.591","Base64EncodedString"
"94c5b375-edcb-450c-809b-d44028a7aeab","Vehicle-CodewithYu-123","Camera1","[51.69272691576003,-0.46550745885129446]","2025-04-09 09:24:54.591","Base64EncodedString"
"c148eb98-44bf-40a7-84fe-871b7b1bd2d2","Vehicle-CodewithYu-123","Camera1","[51.70243414067537,-0.4830497865620032]","2025-04-09 09:25:40.591","Base64EncodedString"
"f60e476e-8388-4283-9ca9-78254fadb7cd","Vehicle-CodewithYu-123","Camera1","[51.711731456132256,-0.5005546273065101]","2025-04-09 09:26:28.591","Base64EncodedString"
"f725451f-40f5-45c1-b2db-376e3e15da7c","Vehicle-CodewithYu-123","Camera1","[51.72145764070526,-0.5181374093442486]","2025-04-09 09:27:07.591","Base64EncodedString"
"25b38853-4adc-43a8-80d4-35ca30cb2b2f","Vehicle-CodewithYu-123","Camera1","[51.73086106937568,-0.5361563733665392]","2025-04-09 09:27:54.591","Base64EncodedString"
"aa179461-6f60-49b3-88d5-4960804b9951","Vehicle-CodewithYu-123","Camera1","[51.740783353822984,-0.553453025277167]","2025-04-09 09:28:25.591","Base64EncodedString"
"27094bed-d283-466d-8aab-4a98b645e71e","Vehicle-CodewithYu-123","Camera1","[51.751016404762034,-0.5708880056534111]","2025-04-09 09:28:59.591","Base64EncodedString"
"bda6a9d0-9e1a-4dcd-90ae-49e433b81d9a","Vehicle-CodewithYu-123","Camera1","[51.760514481300376,-0.5887644759141882]","2025-04-09 09:29:32.591","Base64EncodedString"
"b73687e9-e796-44f4-aff2-6ea0cf97a74d","Vehicle-CodewithYu-123","Camera1","[51.76982726766227,-0.6061539114424331]","2025-04-09 09:30:12.591","Base64EncodedString"
"59dd148b-5586-4255-bb3f-bd579c3a38dc","Vehicle-CodewithYu-123","Camera1","[51.7793148404923,-0.6233614595412037]","2025-04-09 09:30:53.591","Base64EncodedString"
"a93b90be-1c10-485d-9752-9c859acbb9e1","Vehicle-CodewithYu-123","Camera1","[51.78924432223091,-0.6410877811568436]","2025-04-09 09:31:49.591","Base64EncodedString"
"254ff86f-6db7-4505-9dc8-400cf5423552","Vehicle-CodewithYu-123","Camera1","[51.79926086729156,-0.6589001038426486]","2025-04-09 09:32:38.591","Base64EncodedString"
"604373fe-40ba-47e5-ac6b-a92a3afeb031","Vehicle-CodewithYu-123","Camera1","[51.80891308876334,-0.6769561300315223]","2025-04-09 09:33:29.591","Base64EncodedString"
"5898cfbc-bebd-4708-b4fd-d3c97d635cf1","Vehicle-CodewithYu-123","Camera1","[51.81875550124101,-0.6948902899385322]","2025-04-09 09:34:20.591","Base64EncodedString"
"dfa388b5-2134-4e91-89f9-dac65d7af5a0","Vehicle-CodewithYu-123","Camera1","[51.82850848943126,-0.7125741301392274]","2025-04-09 09:34:56.591","Base64EncodedString"
"f1ae0322-02c9-49df-a4c0-87dc9ec1ca58","Vehicle-CodewithYu-123","Camera1","[51.838469285101816,-0.7304754894732302]","2025-04-09 09:35:32.591","Base64EncodedString"
"85cbd68e-bf9e-4724-914c-9669f5b0e4da","Vehicle-CodewithYu-123","Camera1","[51.848156937964696,-0.7484539181281389]","2025-04-09 09:36:24.591","Base64EncodedString"
"0403baeb-f8d8-47ba-a252-3fb221c58535","Vehicle-CodewithYu-123","Camera1","[51.85800234375873,-0.7656624481136834]","2025-04-09 09:36:57.591","Base64EncodedString"
"bdbbdb02-6928-4cb4-b084-d59aedc8c7c5","Vehicle-CodewithYu-123","Camera1","[51.86812091292845,-0.7832405761630726]","2025-04-09 09:37:55.591","Base64EncodedString"
"e0aa5597-1dba-4655-bc5d-ed29e34d9d48","Vehicle-CodewithYu-123","Camera1","[51.877848785521714,-0.8006530313004616]","2025-04-09 09:38:32.591","Base64EncodedString"
"c3244272-52bc-4960-9e25-d732b9860d24","Vehicle-CodewithYu-123","Camera1","[51.887467666912755,-0.8183131069971105]","2025-04-09 09:39:03.591","Base64EncodedString"
"79faf828-3321-439a-b4fe-855be889d158","Vehicle-CodewithYu-123","Camera1","[51.89750914203781,-0.8355856590465414]","2025-04-09 09:40:03.591","Base64EncodedString"
"69695b56-6dfa-4d05-9f53-d2175325231b","Vehicle-CodewithYu-123","Camera1","[51.907637647700874,-0.8527921174258725]","2025-04-09 09:40:52.591","Base64EncodedString"
"6dee38ba-8489-478b-ba7a-c0b9265a8477","Vehicle-CodewithYu-123","Camera1","[51.917253000367815,-0.870463418100856]","2025-04-09 09:41:32.591","Base64EncodedString"
"a65eb3f6-7f39-41c9-85bc-b366d69556cf","Vehicle-CodewithYu-123","Camera1","[51.92719114446106,-0.8878081850512451]","2025-04-09 09:42:22.591","Base64EncodedString"
"024370c1-18b0-4472-8bb0-1a6ae68d0970","Vehicle-CodewithYu-123","Camera1","[51.93717860943231,-0.905167286952889]","2025-04-09 09:42:57.591","Base64EncodedString"
"c3aa39a0-bc14-4d3f-a5b4-37a2423454e7","Vehicle-CodewithYu-123","Camera1","[51.94740808003085,-0.9230949571757973]","2025-04-09 09:43:45.591","Base64EncodedString"
"83a68dfe-4e05-42b0-8165-de48cfdb6428","Vehicle-CodewithYu-123","Camera1","[51.95722882527616,-0.9405594358351099]","2025-04-09 09:44:17.591","Base64EncodedString"
"c83c4a6f-a651-42d4-8905-12a674e17252","Vehicle-CodewithYu-123","Camera1","[51.966692962237246,-0.9581636890881715]","2025-04-09 09:45:07.591","Base64EncodedString"
"fea0e241-561d-4334-aaa9-9130013b0bda","Vehicle-CodewithYu-123","Camera1","[51.97625989048644,-0.9758388870879777]","2025-04-09 09:46:01.591","Base64EncodedString"
"75a105ff-955e-41ae-808d-2d31d69f7bea","Vehicle-CodewithYu-123","Camera1","[51.98582754897448,-0.9933687320800403]","2025-04-09 09:46:59.591","Base64EncodedString"
"cd86d989-5b80-4d68-a67a-9d6fbd67ebb9","Vehicle-CodewithYu-123","Camera1","[51.995563723524064,-1.0114774888206919]","2025-04-09 09:47:38.591","Base64EncodedString"
"0024852a-26c6-4dce-a858-f395f4ce28e2","Vehicle-CodewithYu-123","Camera1","[52.00555457846625,-1.0293325723937157]","2025-04-09 09:48:16.591","Base64EncodedString"
"d5c48476-df07-4364-9c23-e3f92b694d6e","Vehicle-CodewithYu-123","Camera1","[52.01582308909671,-1.0466259440303884]","2025-04-09 09:48:55.591","Base64EncodedString"
"28af018e-9b1a-44cc-b909-2757712f60b9","Vehicle-CodewithYu-123","Camera1","[52.025213676743505,-1.064739678627013]","2025-04-09 09:49:34.591","Base64EncodedString"
"b1f39f94-2ee4-4805-8f0d-26d514b0a685","Vehicle-CodewithYu-123","Camera1","[52.035078697899976,-1.0821792276087567]","2025-04-09 09:50:08.591","Base64EncodedString"
"c6451369-8638-4f9e-9c1e-ebaa76b03afd","Vehicle-CodewithYu-123","Camera1","[52.04481721236487,-1.0998625066047374]","2025-04-09 09:51:05.591","Base64EncodedString"
"7160f3e7-eb51-4d9f-8952-2a4b05f22eb0","Vehicle-CodewithYu-123","Camera1","[52.05476564050206,-1.1178314495113564]","2025-04-09 09:51:40.591","Base64EncodedString"
"92191320-fd09-4301-aef9-bcaef151819d","Vehicle-CodewithYu-123","Camera1","[52.06474102542213,-1.1350335384668737]","2025-04-09 09:52:35.591","Base64EncodedString"
"3ecc595b-764a-4f09-a781-8a38dbd85a31","Vehicle-CodewithYu-123","Camera1","[52.074088663461644,-1.1523669099006413]","2025-04-09 09:53:24.591","Base64EncodedString"
"084aacac-5880-4365-a5e7-1bebd2918b27","Vehicle-CodewithYu-123","Camera1","[52.08381442232522,-1.1698948732386]","2025-04-09 09:54:22.591","Base64EncodedString"
"3148ac35-7f8f-41c2-844a-5a590dad83b7","Vehicle-CodewithYu-123","Camera1","[52.093678669309824,-1.1872577642344282]","2025-04-09 09:54:57.591","Base64EncodedString"
"4adcd629-8f48-4967-bf73-8a57d43e0f6f","Vehicle-CodewithYu-123","Camera1","[52.10337501740325,-1.2050627059784715]","2025-04-09 09:55:30.591","Base64EncodedString"
"bb61dc57-d240-4f4f-9535-7db831c5aa56","Vehicle-CodewithYu-123","Camera1","[52.1129154162542,-1.2230727843770406]","2025-04-09 09:56:24.591","Base64EncodedString"
"39d3f4a0-3c57-4c04-b5af-c3beaafebde5","Vehicle-CodewithYu-123","Camera1","[52.12240697449255,-1.2406495647379552]","2025-04-09 09:57:23.591","Base64EncodedString"
"56f2b212-5a70-4577-9a30-885bf005f68f","Vehicle-CodewithYu-123","Camera1","[52.1322472259016,-1.2586823555366735]","2025-04-09 09:58:19.591","Base64EncodedString"
"d96baa16-ca40-41b0-8b34-881e6b5ef8ac","Vehicle-CodewithYu-123","Camera1","[52.14177895680768,-1.276257090459793]","2025-04-09 09:59:01.591","Base64EncodedString"
"132f0584-d109-417c-a00a-c8445f3cff20","Vehicle-CodewithYu-123","Camera1","[52.151887506280865,-1.29410025147651]","2025-04-09 09:59:40.591","Base64EncodedString"
"365f9569-ebf7-47c1-a9ac-066b1dc3e61a","Vehicle-CodewithYu-123","Camera1","[52.16210835853658,-1.311356649793276]","2025-04-09 10:00:32.591","Base64EncodedString"
"39b7b9cc-b6f8-4273-8318-db245929368d","Vehicle-CodewithYu-123","Camera1","[52.171891687186196,-1.3294456301819304]","2025-04-09 10:01:18.591","Base64EncodedString"
"e55f0058-ed30-4de8-9e21-b2736d28f69c","Vehicle-CodewithYu-123","Camera1","[52.18164917778718,-1.346602426551356]","2025-04-09 10:01:58.591","Base64EncodedString"
"1ba2b51a-00ab-4d20-bbe6-6951c35ff518","Vehicle-CodewithYu-123","Camera1","[52.191554637248785,-1.364493656308254]","2025-04-09 10:02:49.591","Base64EncodedString"
"885baa03-0c85-410f-b146-20ca655f72fd","Vehicle-CodewithYu-123","Camera1","[52.201746061310836,-1.3825736653395766]","2025-04-09 10:03:44.591","Base64EncodedString"
"e1cee54c-dbf0-4f63-be05-9d4b39a39039","Vehicle-CodewithYu-123","Camera1","[52.21165377167937,-1.40045883554772]","2025-04-09 10:04:43.591","Base64EncodedString"
"90fa152b-06ee-4ebb-81e0-b803b8effd7b","Vehicle-CodewithYu-123","Camera1","[52.221015633579654,-1.4176395999127853]","2025-04-09 10:05:31.591","Base64EncodedString"
"ed0a41fa-4c2f-4716-9147-cbfe2cb71da5","Vehicle-CodewithYu-123","Camera1","[52.230875556272004,-1.4351907879826067]","2025-04-09 10:06:23.591","Base64EncodedString"
"9abc845c-f4ca-4bbc-8c44-fd0a90b323f7","Vehicle-CodewithYu-123","Camera1","[52.24099639517168,-1.4524138530641568]","2025-04-09 10:07:17.591","Base64EncodedString"
"b615b4d5-2128-4133-bad0-994e833f8ae9","Vehicle-CodewithYu-123","Camera1","[52.25118779887575,-1.4698935124552661]","2025-04-09 10:07:56.591","Base64EncodedString"
"2659f5e6-4017-40a1-92c2-813a12300988","Vehicle-CodewithYu-123","Camera1","[52.26100665124945,-1.4871060254807844]","2025-04-09 10:08:52.591","Base64EncodedString"
"029beb42-41a0-415a-9896-759c8f25cad8","Vehicle-CodewithYu-123","Camera1","[52.27115479184635,-1.5045078087687087]","2025-04-09 10:09:34.591","Base64EncodedString"
"fbdfb879-dac6-41bb-9b79-7c6b975b1fdc","Vehicle-CodewithYu-123","Camera1","[52.28126520914758,-1.521693516876929]","2025-04-09 10:10:07.591","Base64EncodedString"
"6ac919f5-718f-44d4-b37b-a6816f129814","Vehicle-CodewithYu-123","Camera1","[52.290669885084306,-1.5397741700659155]","2025-04-09 10:10:38.591","Base64EncodedString"
"293d25b3-c931-45db-b9dc-57aa9ee64d65","Vehicle-CodewithYu-123","Camera1","[52.30054522542986,-1.5571735709153582]","2025-04-09 10:11:36.591","Base64EncodedString"
"9df354b3-0b60-4afe-9072-13c6e5b4a26e","Vehicle-CodewithYu-123","Camera1","[52.31068867562316,-1.5752002162907521]","2025-04-09 10:12:27.591","Base64EncodedString"
"83d3e4fc-dc50-4942-a0ad-9b8436441173","Vehicle-CodewithYu-123","Camera1","[52.32063944436123,-1.592684511823519]","2025-04-09 10:13:16.591","Base64EncodedString"
"492fcd2c-7d4a-4dba-8d94-8690b66acc24","Vehicle-CodewithYu-123","Camera1","[52.33074049734235,-1.6105775131444728]","2025-04-09 10:14:10.591","Base64EncodedString"
"59bb824f-68ad-41b7-99f1-6adaf7655142","Vehicle-CodewithYu-123","Camera1","[52.34004335766958,-1.627913528480238]","2025-04-09 10:14:47.591","Base64EncodedString"
"16fda0c3-3ffb-4949-a807-f5981645a73d","Vehicle-CodewithYu-123","Camera1","[52.349783363089486,-1.6458179787238196]","2025-04-09 10:15:36.591","Base64EncodedString"
"a4cdde97-b24f-4c23-a6be-5d5af5dbf942","Vehicle-CodewithYu-123","Camera1","[52.35975746058555,-1.6634537098696753]","2025-04-09 10:16:35.591","Base64EncodedString"
"e72d0b20-d1c0-4fad-9a68-e02ed7f147fc","Vehicle-CodewithYu-123","Camera1","[52.37004008834141,-1.681049153032244]","2025-04-09 10:17:19.591","Base64EncodedString"
"56a47558-8b17-49bf-a5ac-17950f1bec74","Vehicle-CodewithYu-123","Camera1","[52.37977964325738,-1.6989466594578793]","2025-04-09 10:17:59.591","Base64EncodedString"
"02e3595a-28e8-449d-8827-a870e59e7825","Vehicle-CodewithYu-123","Camera1","[52.38915886804575,-1.7169872951005476]","2025-04-09 10:18:42.591","Base64EncodedString"
"66299d58-7564-47f4-8ea8-008f66aa2ea2","Vehicle-CodewithYu-123","Camera1","[52.399314960194616,-1.7343922344218015]","2025-04-09 10:19:42.591","Base64EncodedString"
"6b2ec62c-80b8-410c-ba7c-eb8969171563","Vehicle-CodewithYu-123","Camera1","[52.40871784550815,-1.7522396662093065]","2025-04-09 10:20:19.591","Base64EncodedString"
"58b15f97-1f11-4e5b-a3bd-b2977bb09a67","Vehicle-CodewithYu-123","Camera1","[52.418927383029185,-1.7700146427885695]","2025-04-09 10:20:54.591","Base64EncodedString"
"77751b27-53c0-4274-874e-9ef37861a1e4","Vehicle-CodewithYu-123","Camera1","[52.42866902881986,-1.7879832335127244]","2025-04-09 10:21:33.591","Base64EncodedString"
"f1b44ff2-42c5-40ec-9eb6-08a6d3da8c65","Vehicle-CodewithYu-123","Camera1","[52.43840014179419,-1.8056852187396113]","2025-04-09 10:22:22.591","Base64EncodedString"
"cd90ab7c-c2d0-4c19-8bec-a0889136b714","Vehicle-CodewithYu-123","Camera1","[52.447733559156795,-1.8234159553435236]","2025-04-09 10:23:11.591","Base64EncodedString"
"848a2d0f-3ab4-4ab2-a918-1a26a85fe2d1","Vehicle-CodewithYu-123","Camera1","[52.45715074485855,-1.841009372995656]","2025-04-09 10:23:48.591","Base64EncodedString"
"50854dd4-8c56-4ed9-8745-95b37a5fa148","Vehicle-CodewithYu-123","Camera1","[52.46701450401929,-1.85856197331477]","2025-04-09 10:24:40.591","Base64EncodedString"
"ed3d96c1-5923-4349-9436-067d309ac8a1","Vehicle-CodewithYu-123","Camera1","[52.47673921579886,-1.8765821101813744]","2025-04-09 10:25:23.591","Base64EncodedString"
"cca65088-1e24-4214-a011-1667ccecad0a","Vehicle-CodewithYu-123","Camera1","[51.51732742679845,-0.14590098924477735]","2025-04-09 09:41:53.566","Base64EncodedString"
"399fe85d-6b1e-42de-9cd2-628f5f049a79","Vehicle-CodewithYu-123","Camera1","[52.10337501740325,-1.2050627059784715]","2025-04-09 10:35:05.905","Base64EncodedString"
"e37be9bf-ca83-4a2c-8d11-079c7f15bcbf","Vehicle-CodewithYu-123","Camera1","[51.51732742679845,-0.14590098924477735]","2025-04-09 09:55:40.940","Base64EncodedString"
"2622b227-3937-4609-9709-d71a58bc9f1e","Vehicle-CodewithYu-123","Camera1","[51.605134432396724,-0.3050577325581683]","2025-04-09 09:57:42.905","Base64EncodedString"
"3d3d54a6-79da-4cf7-bcbb-bef251f5820c","Vehicle-CodewithYu-123","Camera1","[51.72145764070526,-0.5181374093442486]","2025-04-09 10:06:42.905","Base64EncodedString"
"231de383-8d8a-46bc-bbd6-d9a524040d59","Vehicle-CodewithYu-123","Camera1","[51.73086106937568,-0.5361563733665392]","2025-04-09 10:07:29.905","Base64EncodedString"
"384daa56-d6b8-4d32-b49c-025f92800740","Vehicle-CodewithYu-123","Camera1","[51.848156937964696,-0.7484539181281389]","2025-04-09 10:08:19.719","Base64EncodedString"
"e347c7d2-09a1-43b2-8684-d4a63df2d578","Vehicle-CodewithYu-123","Camera1","[52.399314960194616,-1.7343922344218015]","2025-04-09 10:51:37.719","Base64EncodedString"
"29154d0f-6163-4432-8c60-591fcf49d25b","Vehicle-CodewithYu-123","Camera1","[52.230875556272004,-1.4351907879826067]","2025-04-09 10:38:18.719","Base64EncodedString"
"7da8fbc2-325c-48dd-96fb-81a9607ab32e","Vehicle-CodewithYu-123","Camera1","[52.24099639517168,-1.4524138530641568]","2025-04-09 10:39:12.719","Base64EncodedString"
"c56180ee-02b1-48cc-838b-dbf7fbf3d884","Vehicle-CodewithYu-123","Camera1","[51.54643223428317,-0.1984784704950027]","2025-04-09 09:57:44.940","Base64EncodedString"
"8a6b272f-27d6-4484-a798-f7f144a0587f","Vehicle-CodewithYu-123","Camera1","[51.711731456132256,-0.5005546273065101]","2025-04-09 09:58:23.719","Base64EncodedString"
"06df8856-97c7-43ac-bf0b-8bb1859ceb95","Vehicle-CodewithYu-123","Camera1","[51.72145764070526,-0.5181374093442486]","2025-04-09 09:59:02.719","Base64EncodedString"
"37c19033-1f9f-47c7-886b-932a4c582050","Vehicle-CodewithYu-123","Camera1","[51.5560755049834,-0.215934295320625]","2025-04-09 09:45:48.719","Base64EncodedString"
"0b3be0fc-ba9e-4b80-a99d-12dc8f858fe7","Vehicle-CodewithYu-123","Camera1","[51.85800234375873,-0.7656624481136834]","2025-04-09 10:08:52.719","Base64EncodedString"
"4a81847e-a27f-49b7-ab04-189aa2e0956f","Vehicle-CodewithYu-123","Camera1","[51.575991557899684,-0.2509478114993745]","2025-04-09 09:55:21.905","Base64EncodedString"
"9db2cbae-4fba-4c17-9d98-70909b63fac9","Vehicle-CodewithYu-123","Camera1","[51.86812091292845,-0.7832405761630726]","2025-04-09 10:09:50.719","Base64EncodedString"
"b75feda8-5e9b-42e7-9a4a-64ff903c7eb8","Vehicle-CodewithYu-123","Camera1","[51.69272691576003,-0.46550745885129446]","2025-04-09 10:04:29.905","Base64EncodedString"
"39de49ba-c5ac-4b59-8b35-36586b3217c6","Vehicle-CodewithYu-123","Camera1","[51.70243414067537,-0.4830497865620032]","2025-04-09 10:05:15.905","Base64EncodedString"
"14d52b86-5aa9-45be-8f95-086335a68b5f","Vehicle-CodewithYu-123","Camera1","[52.1322472259016,-1.2586823555366735]","2025-04-09 10:30:14.719","Base64EncodedString"
"634207c5-f2bc-43c5-8d0b-e62145ed2ce0","Vehicle-CodewithYu-123","Camera1","[52.28126520914758,-1.521693516876929]","2025-04-09 10:42:02.719","Base64EncodedString"
"f517cd25-44cf-4569-a730-72dc89ee5bf9","Vehicle-CodewithYu-123","Camera1","[52.221015633579654,-1.4176395999127853]","2025-04-09 10:37:26.719","Base64EncodedString"
"111ea983-49b8-4957-9885-57d54dfe02cf","Vehicle-CodewithYu-123","Camera1","[51.52717667186139,-0.16331096963185496]","2025-04-09 09:51:24.905","Base64EncodedString"
"b5e5ac5a-af20-43cd-8d86-d6c812700c28","Vehicle-CodewithYu-123","Camera1","[51.53656688213791,-0.1810570423312176]","2025-04-09 09:52:05.905","Base64EncodedString"
"34900f50-67bc-450c-89b4-3f6f209d1eb4","Vehicle-CodewithYu-123","Camera1","[52.05476564050206,-1.1178314495113564]","2025-04-09 10:31:15.905","Base64EncodedString"
"1c32910c-3a2f-4035-a9db-b957d847b087","Vehicle-CodewithYu-123","Camera1","[51.53656688213791,-0.1810570423312176]","2025-04-09 09:57:13.940","Base64EncodedString"
"5170c579-99c7-42d5-8d9b-9ee376884445","Vehicle-CodewithYu-123","Camera1","[52.06474102542213,-1.1350335384668737]","2025-04-09 10:32:10.905","Base64EncodedString"
"0e3c6e3f-775c-464d-8019-a6197c88b326","Vehicle-CodewithYu-123","Camera1","[51.53656688213791,-0.1810570423312176]","2025-04-09 09:44:25.719","Base64EncodedString"
"b21d9335-0d0c-4aff-a620-c0dd2f29678d","Vehicle-CodewithYu-123","Camera1","[51.54643223428317,-0.1984784704950027]","2025-04-09 09:44:56.719","Base64EncodedString"
"002d8d6a-80d2-4a11-bfb7-084363b7ff38","Vehicle-CodewithYu-123","Camera1","[51.61491103810475,-0.3230718648328474]","2025-04-09 10:03:31.940","Base64EncodedString"
"18d04f18-9449-4e16-9d92-e7a3133f1228","Vehicle-CodewithYu-123","Camera1","[51.89750914203781,-0.8355856590465414]","2025-04-09 10:19:38.905","Base64EncodedString"
"fa7a1bf9-862b-43e1-a3d0-313e82b16784","Vehicle-CodewithYu-123","Camera1","[51.95722882527616,-0.9405594358351099]","2025-04-09 10:23:52.905","Base64EncodedString"
"330978fb-e8e8-4bfd-a8ad-70e04743711b","Vehicle-CodewithYu-123","Camera1","[51.966692962237246,-0.9581636890881715]","2025-04-09 10:24:42.905","Base64EncodedString"
"1ffd6122-d4b5-4759-a39d-4debd8a85487","Vehicle-CodewithYu-123","Camera1","[51.81875550124101,-0.6948902899385322]","2025-04-09 10:06:15.719","Base64EncodedString"
"5637046d-2aab-4cca-85a3-c2ecac1f8207","Vehicle-CodewithYu-123","Camera1","[51.653912743676436,-0.3940451245957878]","2025-04-09 10:06:21.940","Base64EncodedString"
"8d687631-c3b3-47a9-b392-4ceec60e1866","Vehicle-CodewithYu-123","Camera1","[51.66334092597353,-0.4119876365600006]","2025-04-09 10:07:05.940","Base64EncodedString"
"c1d2d661-85ce-403c-b114-c1aa036ece4d","Vehicle-CodewithYu-123","Camera1","[51.995563723524064,-1.0114774888206919]","2025-04-09 10:19:33.719","Base64EncodedString"
"2eb50f86-f8ef-4dea-b955-f4f31455246a","Vehicle-CodewithYu-123","Camera1","[51.78924432223091,-0.6410877811568436]","2025-04-09 10:11:24.905","Base64EncodedString"
"a02ff60a-a003-4226-9e22-ab9f0b08756d","Vehicle-CodewithYu-123","Camera1","[51.79926086729156,-0.6589001038426486]","2025-04-09 10:12:13.905","Base64EncodedString"
"cf0e7234-4434-478e-b933-8c66c88203d7","Vehicle-CodewithYu-123","Camera1","[51.59533875072212,-0.28703814338096606]","2025-04-09 09:49:12.719","Base64EncodedString"
"3e3785a2-c7d9-4f33-9f37-5248b588e583","Vehicle-CodewithYu-123","Camera1","[51.605134432396724,-0.3050577325581683]","2025-04-09 09:50:02.719","Base64EncodedString"
"44106c6d-4733-46bc-b721-bd1638c0a3bb","Vehicle-CodewithYu-123","Camera1","[51.61491103810475,-0.3230718648328474]","2025-04-09 09:50:43.719","Base64EncodedString"
"edd4703d-d1ab-4484-8f89-cb7ebd057f9a","Vehicle-CodewithYu-123","Camera1","[52.074088663461644,-1.1523669099006413]","2025-04-09 10:32:59.905","Base64EncodedString"
"05120420-9165-47c2-be64-596f0ff13b77","Vehicle-CodewithYu-123","Camera1","[51.98582754897448,-0.9933687320800403]","2025-04-09 10:26:34.905","Base64EncodedString"
"dd89cfe2-d74b-477c-9d03-161163abf5a8","Vehicle-CodewithYu-123","Camera1","[51.995563723524064,-1.0114774888206919]","2025-04-09 10:27:13.905","Base64EncodedString"
"b58625da-d8fb-4302-953b-5235b407cc9e","Vehicle-CodewithYu-123","Camera1","[52.201746061310836,-1.3825736653395766]","2025-04-09 10:35:39.719","Base64EncodedString"
"cc926d01-780d-4283-a81f-d43cc9c76d6c","Vehicle-CodewithYu-123","Camera1","[52.21165377167937,-1.40045883554772]","2025-04-09 10:36:38.719","Base64EncodedString"
"ec772aec-e2ec-45c5-868b-62055cc09dfb","Vehicle-CodewithYu-123","Camera1","[52.025213676743505,-1.064739678627013]","2025-04-09 10:29:09.905","Base64EncodedString"
"3567e481-e0e9-41cf-ba6d-7f35714a5534","Vehicle-CodewithYu-123","Camera1","[52.035078697899976,-1.0821792276087567]","2025-04-09 10:29:43.905","Base64EncodedString"
"2f95c034-f7ae-4541-8acc-addfec3bdfed","Vehicle-CodewithYu-123","Camera1","[52.16210835853658,-1.311356649793276]","2025-04-09 10:32:27.719","Base64EncodedString"
"52bffb8b-3d48-4ae2-bad6-c5e8ed0b4f55","Vehicle-CodewithYu-123","Camera1","[51.81875550124101,-0.6948902899385322]","2025-04-09 10:13:55.905","Base64EncodedString"
"f389e9be-8af3-4a46-a9ad-684c004c1bae","Vehicle-CodewithYu-123","Camera1","[51.82850848943126,-0.7125741301392274]","2025-04-09 10:14:31.905","Base64EncodedString"
"326f4c31-992a-4c41-8db7-08b1d721a968","Vehicle-CodewithYu-123","Camera1","[51.89750914203781,-0.8355856590465414]","2025-04-09 10:11:58.719","Base64EncodedString"
"bc321726-2d00-4e3e-8e20-747fa8b0816b","Vehicle-CodewithYu-123","Camera1","[52.025213676743505,-1.064739678627013]","2025-04-09 10:21:29.719","Base64EncodedString"
"3815f2fe-5865-4dff-8a66-ee688553e6d3","Vehicle-CodewithYu-123","Camera1","[52.035078697899976,-1.0821792276087567]","2025-04-09 10:22:03.719","Base64EncodedString"
"12e6fd4c-ce20-4d71-ab1f-3d06c2b14624","Vehicle-CodewithYu-123","Camera1","[51.93717860943231,-0.905167286952889]","2025-04-09 10:14:52.719","Base64EncodedString"
"b0e7f324-28ce-4ff4-a53d-36acb1e4cd75","Vehicle-CodewithYu-123","Camera1","[52.08381442232522,-1.1698948732386]","2025-04-09 10:26:17.719","Base64EncodedString"
"48103530-68ca-450f-b285-a978e0f79203","Vehicle-CodewithYu-123","Camera1","[52.26100665124945,-1.4871060254807844]","2025-04-09 10:40:47.719","Base64EncodedString"
"88989338-c058-41d8-9f97-09249e530bb3","Vehicle-CodewithYu-123","Camera1","[52.27115479184635,-1.5045078087687087]","2025-04-09 10:41:29.719","Base64EncodedString"
"d0add941-0d54-47e0-aa5c-7b664d45c93d","Vehicle-CodewithYu-123","Camera1","[51.760514481300376,-0.5887644759141882]","2025-04-09 10:01:27.719","Base64EncodedString"
"50a0509e-3a67-4e63-8663-5f14227ef07b","Vehicle-CodewithYu-123","Camera1","[51.76982726766227,-0.6061539114424331]","2025-04-09 10:02:07.719","Base64EncodedString"
"c5ab03f4-1eae-4e55-85f4-f9b5cc8adbb1","Vehicle-CodewithYu-123","Camera1","[51.575991557899684,-0.2509478114993745]","2025-04-09 09:46:42.566","Base64EncodedString"
"7a6052e6-edf3-479f-8baa-002570f3eafd","Vehicle-CodewithYu-123","Camera1","[52.32063944436123,-1.592684511823519]","2025-04-09 10:45:11.719","Base64EncodedString"
"55c48108-6533-40fb-bb4b-0d2cb7511c94","Vehicle-CodewithYu-123","Camera1","[51.94740808003085,-0.9230949571757973]","2025-04-09 10:23:20.905","Base64EncodedString"
"97d054c1-db99-4ff3-b2f2-3778c09be2f3","Vehicle-CodewithYu-123","Camera1","[52.08381442232522,-1.1698948732386]","2025-04-09 10:33:57.905","Base64EncodedString"
"39674abe-c6a1-4e9a-bdc6-cdd9c400655b","Vehicle-CodewithYu-123","Camera1","[52.093678669309824,-1.1872577642344282]","2025-04-09 10:34:32.905","Base64EncodedString"
"15c2ef26-534a-445f-9224-0b4283d9c4e8","Vehicle-CodewithYu-123","Camera1","[52.093678669309824,-1.1872577642344282]","2025-04-09 10:26:52.719","Base64EncodedString"
"699129f3-9cf1-408b-9558-5269686d679f","Vehicle-CodewithYu-123","Camera1","[51.51732742679845,-0.14590098924477735]","2025-04-09 09:42:52.719","Base64EncodedString"
"59cd284b-34b1-45c1-bdb5-3eb4980deb1e","Vehicle-CodewithYu-123","Camera1","[51.605134432396724,-0.3050577325581683]","2025-04-09 09:49:03.566","Base64EncodedString"
"b9b9248b-7444-4710-b003-ca5c5a45eb55","Vehicle-CodewithYu-123","Camera1","[51.62432742956925,-0.3407225824547486]","2025-04-09 09:59:10.905","Base64EncodedString"
"328c5203-882b-4ac3-a1ba-0d7346985b8c","Vehicle-CodewithYu-123","Camera1","[51.634053529653166,-0.3583310066137131]","2025-04-09 09:59:43.905","Base64EncodedString"
"2a81d045-eb01-4b78-8a56-4553dbb4875a","Vehicle-CodewithYu-123","Camera1","[52.37004008834141,-1.681049153032244]","2025-04-09 10:49:14.719","Base64EncodedString"
"a53f4571-bc6a-4bfc-94aa-962048198512","Vehicle-CodewithYu-123","Camera1","[52.37977964325738,-1.6989466594578793]","2025-04-09 10:49:54.719","Base64EncodedString"
"3066b1fe-8859-45c2-be71-e2baf37c46a1","Vehicle-CodewithYu-123","Camera1","[51.877848785521714,-0.8006530313004616]","2025-04-09 10:10:27.719","Base64EncodedString"
"6751dd02-817b-404c-b92e-78125f542987","Vehicle-CodewithYu-123","Camera1","[51.887467666912755,-0.8183131069971105]","2025-04-09 10:10:58.719","Base64EncodedString"
"5f2b6ca2-5f82-4628-9fad-46f0ea633c8f","Vehicle-CodewithYu-123","Camera1","[51.751016404762034,-0.5708880056534111]","2025-04-09 10:08:34.905","Base64EncodedString"
"93b16a66-628e-4c46-b897-d8bb6af0194d","Vehicle-CodewithYu-123","Camera1","[51.760514481300376,-0.5887644759141882]","2025-04-09 10:09:07.905","Base64EncodedString"
"d8f7fca7-6966-4888-8207-8d7c989e314f","Vehicle-CodewithYu-123","Camera1","[51.917253000367815,-0.870463418100856]","2025-04-09 10:13:27.719","Base64EncodedString"
"35d15f4c-2759-4c09-bafb-17bdb6a3510f","Vehicle-CodewithYu-123","Camera1","[51.92719114446106,-0.8878081850512451]","2025-04-09 10:14:17.719","Base64EncodedString"
"5ce42878-ff70-45ca-9ebe-43f33642be7a","Vehicle-CodewithYu-123","Camera1","[51.56604811923439,-0.23321744340043518]","2025-04-09 09:46:42.719","Base64EncodedString"
"764d9db2-0e65-4daf-bd85-dc265056dcb7","Vehicle-CodewithYu-123","Camera1","[51.575991557899684,-0.2509478114993745]","2025-04-09 09:47:41.719","Base64EncodedString"
"42bd14f6-fa72-41ff-81a1-eb4ca83b7da7","Vehicle-CodewithYu-123","Camera1","[51.51732742679845,-0.14590098924477735]","2025-04-09 09:50:32.905","Base64EncodedString"
"2019fa1a-082f-4637-a26a-d93fb3562fdf","Vehicle-CodewithYu-123","Camera1","[51.70243414067537,-0.4830497865620032]","2025-04-09 09:57:35.719","Base64EncodedString"
"61769c6c-8915-49b4-a7f1-67114b50af8a","Vehicle-CodewithYu-123","Camera1","[51.73086106937568,-0.5361563733665392]","2025-04-09 09:59:49.719","Base64EncodedString"
"5f339cf1-469d-44cf-916d-194f9c70169b","Vehicle-CodewithYu-123","Camera1","[51.740783353822984,-0.553453025277167]","2025-04-09 10:00:20.719","Base64EncodedString"
"566ecd8a-27cc-463b-bc2c-b40b3fca8839","Vehicle-CodewithYu-123","Camera1","[52.35975746058555,-1.6634537098696753]","2025-04-09 10:48:30.719","Base64EncodedString"
"b0889907-36fa-43b0-b3e0-206c6821e391","Vehicle-CodewithYu-123","Camera1","[51.82850848943126,-0.7125741301392274]","2025-04-09 10:06:51.719","Base64EncodedString"
"55638403-36a3-4ee4-a965-2e307bbc8405","Vehicle-CodewithYu-123","Camera1","[51.838469285101816,-0.7304754894732302]","2025-04-09 10:07:27.719","Base64EncodedString"
"fb345275-5835-41eb-82ff-d784425facfe","Vehicle-CodewithYu-123","Camera1","[51.52717667186139,-0.16331096963185496]","2025-04-09 09:43:44.719","Base64EncodedString"
"999e9d5d-7de2-43cf-b499-2c7eda838e0e","Vehicle-CodewithYu-123","Camera1","[51.85800234375873,-0.7656624481136834]","2025-04-09 10:16:32.905","Base64EncodedString"
"6e9f3a84-ba0c-43eb-869e-efdc241afa3a","Vehicle-CodewithYu-123","Camera1","[51.86812091292845,-0.7832405761630726]","2025-04-09 10:17:30.905","Base64EncodedString"
"3e0b9d15-d88d-4ce1-ae81-c7ffaa333b8f","Vehicle-CodewithYu-123","Camera1","[51.58537046731186,-0.2690266951239498]","2025-04-09 09:48:14.719","Base64EncodedString"
"a4aec456-d282-44d3-a32a-a2745d87e155","Vehicle-CodewithYu-123","Camera1","[51.62432742956925,-0.3407225824547486]","2025-04-09 09:51:30.719","Base64EncodedString"
"67ea43b8-baae-4ec6-8509-806f4688538f","Vehicle-CodewithYu-123","Camera1","[51.97625989048644,-0.9758388870879777]","2025-04-09 10:25:36.905","Base64EncodedString"
"c0710dfd-5e1b-4ce7-b507-d3dc2c49435b","Vehicle-CodewithYu-123","Camera1","[52.00555457846625,-1.0293325723937157]","2025-04-09 10:20:11.719","Base64EncodedString"
"3adda3da-954e-40c9-aa60-9a0fd277134c","Vehicle-CodewithYu-123","Camera1","[52.01582308909671,-1.0466259440303884]","2025-04-09 10:20:50.719","Base64EncodedString"
"1cbd7640-bc4e-471c-96a2-00ebd4160685","Vehicle-CodewithYu-123","Camera1","[52.10337501740325,-1.2050627059784715]","2025-04-09 10:27:25.719","Base64EncodedString"
"74bc4fe0-c529-427d-ab63-71ecab304d0e","Vehicle-CodewithYu-123","Camera1","[52.1129154162542,-1.2230727843770406]","2025-04-09 10:28:19.719","Base64EncodedString"
"bc873dd9-a891-4dd0-9de1-37f3524a2bef","Vehicle-CodewithYu-123","Camera1","[51.68247813685676,-0.447461570316535]","2025-04-09 09:56:14.719","Base64EncodedString"
"d8ada2fe-c786-4373-89bd-8411a82e711d","Vehicle-CodewithYu-123","Camera1","[51.69272691576003,-0.46550745885129446]","2025-04-09 09:56:49.719","Base64EncodedString"
"634311e4-630c-4f7f-b994-2f53a00a7c0c","Vehicle-CodewithYu-123","Camera1","[52.14177895680768,-1.276257090459793]","2025-04-09 10:30:56.719","Base64EncodedString"
"935bb90d-2a61-465e-bf5c-e4c765f42ebf","Vehicle-CodewithYu-123","Camera1","[52.151887506280865,-1.29410025147651]","2025-04-09 10:31:35.719","Base64EncodedString"
