"id","deviceid","timestamp","location","speed","direction","make","model","year","fueltype"
"281ebb60-6068-422f-8984-39af79fcb062","Vehicle-CodewithYu-123","2025-04-09 10:02:00.940","[51.59533875072212,-0.28703814338096606]","26.11","North_east","BMW","C500","2024",
"088beaee-4a97-475a-9bca-78d5b86a7caa","Vehicle-CodewithYu-123","2025-04-09 10:04:29.905","[51.69272691576003,-0.46550745885129446]","12.06","North_east","BMW","C500","2024",
"b0b0f2fb-519a-4e03-a411-918350261571","Vehicle-CodewithYu-123","2025-04-09 10:05:15.905","[51.70243414067537,-0.4830497865620032]","19.49","North_east","BMW","C500","2024",
"22f9395e-b424-4713-a81a-31305ef9f9d6","Vehicle-CodewithYu-123","2025-04-09 09:52:36.905","[51.54643223428317,-0.1984784704950027]","29.84","North_east","BMW","C500","2024",
"3011cc04-4769-4993-8f9f-4a1f533990d9","Vehicle-CodewithYu-123","2025-04-09 10:02:48.719","[51.7793148404923,-0.6233614595412037]","19.16","North_east","BMW","C500","2024",
"0b0916c0-1097-4d44-8d65-63bfc7237b29","Vehicle-CodewithYu-123","2025-04-09 10:49:14.719","[52.37004008834141,-1.681049153032244]","25.17","North_east","BMW","C500","2024",
"403868a6-eeba-45d9-ad47-040321d1b99b","Vehicle-CodewithYu-123","2025-04-09 10:49:54.719","[52.37977964325738,-1.6989466594578793]","34.82","North_east","BMW","C500","2024",
"2194c4b0-a14a-49fd-a4e0-20123fa5923f","Vehicle-CodewithYu-123","2025-04-09 10:15:40.719","[51.94740808003085,-0.9230949571757973]","30.72","North_east","BMW","C500","2024",
"19e0e99b-aaf7-4012-882e-060a7e172ac1","Vehicle-CodewithYu-123","2025-04-09 10:16:12.719","[51.95722882527616,-0.9405594358351099]","25.18","North_east","BMW","C500","2024",
"851fb627-c5cc-4c6e-9936-e4bccecb5a97","Vehicle-CodewithYu-123","2025-04-09 10:43:31.719","[52.30054522542986,-1.5571735709153582]","22.45","North_east","BMW","C500","2024",
"ca7c719e-4dfc-439f-a465-f44ff8a5c80f","Vehicle-CodewithYu-123","2025-04-09 10:32:27.719","[52.16210835853658,-1.311356649793276]","17.16","North_east","BMW","C500","2024",
"0c780167-0769-46c4-b38c-cd43e8b951c1","Vehicle-CodewithYu-123","2025-04-09 10:33:13.719","[52.171891687186196,-1.3294456301819304]","38.96","North_east","BMW","C500","2024",
"6ede38f4-47f7-4378-a0c8-f1ca8b602978","Vehicle-CodewithYu-123","2025-04-09 10:11:58.719","[51.89750914203781,-0.8355856590465414]","35.07","North_east","BMW","C500","2024",
"7b2173f4-ef56-4d7d-b768-a95baf4f438a","Vehicle-CodewithYu-123","2025-04-09 10:26:52.719","[52.093678669309824,-1.1872577642344282]","24.12","North_east","BMW","C500","2024",
"fb3e9e40-bae5-4f65-9a2d-4277fece6c8a","Vehicle-CodewithYu-123","2025-04-09 09:59:43.905","[51.634053529653166,-0.3583310066137131]","17.44","North_east","BMW","C500","2024",
"30e6a324-7c49-42b8-baa1-39db95ebfebb","Vehicle-CodewithYu-123","2025-04-09 10:27:25.719","[52.10337501740325,-1.2050627059784715]","35.73","North_east","BMW","C500","2024",
"41fdf931-84a7-4225-ab5b-49d7f546acfc","Vehicle-CodewithYu-123","2025-04-09 10:00:20.905","[51.64420116505342,-0.37638614926382447]","18.35","North_east","BMW","C500","2024",
"71edd934-d04e-423b-a647-7afd480409d6","Vehicle-CodewithYu-123","2025-04-09 10:12:13.905","[51.79926086729156,-0.6589001038426486]","39.53","North_east","BMW","C500","2024",
"507516b3-2088-429c-9200-4c7e51b3b2b2","Vehicle-CodewithYu-123","2025-04-09 10:13:04.905","[51.80891308876334,-0.6769561300315223]","37.62","North_east","BMW","C500","2024",
"8621f22c-1b09-4b29-9c47-06d4f340f30c","Vehicle-CodewithYu-123","2025-04-09 09:49:12.719","[51.59533875072212,-0.28703814338096606]","26.11","North_east","BMW","C500","2024",
"13ed9503-b14e-4087-b660-d329ba19c1ce","Vehicle-CodewithYu-123","2025-04-09 10:28:30.905","[52.01582308909671,-1.0466259440303884]","16.82","North_east","BMW","C500","2024",
"38bc90b5-2203-42b8-9fb7-1ac1bce5c1da","Vehicle-CodewithYu-123","2025-04-09 10:29:09.905","[52.025213676743505,-1.064739678627013]","24.08","North_east","BMW","C500","2024",
"2ec86b39-6093-44d0-96e9-dbe7269a3f57","Vehicle-CodewithYu-123","2025-04-09 10:01:13.905","[51.653912743676436,-0.3940451245957878]","11.63","North_east","BMW","C500","2024",
"71cebd1d-a328-4aa0-98bb-f6cf970fdec2","Vehicle-CodewithYu-123","2025-04-09 10:01:57.905","[51.66334092597353,-0.4119876365600006]","17.49","North_east","BMW","C500","2024",
"f42eddca-1611-40c2-a140-e8201bf82811","Vehicle-CodewithYu-123","2025-04-09 10:42:02.719","[52.28126520914758,-1.521693516876929]","30.25","North_east","BMW","C500","2024",
"40d9e7e1-536d-466c-be5b-a8b56dae6e06","Vehicle-CodewithYu-123","2025-04-09 10:42:33.719","[52.290669885084306,-1.5397741700659155]","19.13","North_east","BMW","C500","2024",
"beab4e2c-ba0c-4328-9e36-33367a1876b3","Vehicle-CodewithYu-123","2025-04-09 10:27:51.905","[52.00555457846625,-1.0293325723937157]","16.92","North_east","BMW","C500","2024",
"e0cc78d5-fa8d-499a-9356-27b02e56d3c2","Vehicle-CodewithYu-123","2025-04-09 10:12:47.719","[51.907637647700874,-0.8527921174258725]","26.02","North_east","BMW","C500","2024",
"22bb33b4-1543-4989-be9c-082b22ea00a9","Vehicle-CodewithYu-123","2025-04-09 10:33:57.905","[52.08381442232522,-1.1698948732386]","22.96","North_east","BMW","C500","2024",
"432170e4-ad92-492f-aa09-4e7c2ef936ee","Vehicle-CodewithYu-123","2025-04-09 09:43:44.719","[51.52717667186139,-0.16331096963185496]","26.35","North_east","BMW","C500","2024",
"4c929fec-28c5-45c8-9fa8-3a139778e6df","Vehicle-CodewithYu-123","2025-04-09 10:29:43.905","[52.035078697899976,-1.0821792276087567]","14.48","North_east","BMW","C500","2024",
"f5fb70b8-7af2-405a-bbf8-264d9c7331d3","Vehicle-CodewithYu-123","2025-04-09 10:30:40.905","[52.04481721236487,-1.0998625066047374]","27.66","North_east","BMW","C500","2024",
"23323390-771c-4a08-a60c-343e3d9f19b6","Vehicle-CodewithYu-123","2025-04-09 10:38:18.719","[52.230875556272004,-1.4351907879826067]","18.86","North_east","BMW","C500","2024",
"c5e7f3ed-dd17-4e6c-8f9c-a51ae2c6fed9","Vehicle-CodewithYu-123","2025-04-09 10:39:12.719","[52.24099639517168,-1.4524138530641568]","33.97","North_east","BMW","C500","2024",
"c317a1e8-e5d1-44a3-a6af-899c40ed7581","Vehicle-CodewithYu-123","2025-04-09 10:30:14.719","[52.1322472259016,-1.2586823555366735]","37.39","North_east","BMW","C500","2024",
"f70411d9-1c3e-4155-ba42-5ae83c9a6cc9","Vehicle-CodewithYu-123","2025-04-09 10:30:56.719","[52.14177895680768,-1.276257090459793]","15.72","North_east","BMW","C500","2024",
"9f93cf46-bd03-4367-8e8a-237b071cc5ce","Vehicle-CodewithYu-123","2025-04-09 10:06:51.719","[51.82850848943126,-0.7125741301392274]","25.34","North_east","BMW","C500","2024",
"43822e2c-1316-41f8-82dc-e409f2589dab","Vehicle-CodewithYu-123","2025-04-09 10:07:27.719","[51.838469285101816,-0.7304754894732302]","14.42","North_east","BMW","C500","2024",
"75f42020-2681-4f29-8575-a7b432e7bc9e","Vehicle-CodewithYu-123","2025-04-09 10:40:47.719","[52.26100665124945,-1.4871060254807844]","14.94","North_east","BMW","C500","2024",
"e799592d-8ae1-457e-8a64-f196ea824746","Vehicle-CodewithYu-123","2025-04-09 10:41:29.719","[52.27115479184635,-1.5045078087687087]","39.02","North_east","BMW","C500","2024",
"194a01a0-35de-44f4-8f67-bd46ce585985","Vehicle-CodewithYu-123","2025-04-09 10:02:50.940","[51.605134432396724,-0.3050577325581683]","18.95","North_east","BMW","C500","2024",
"47f4418d-09cf-4096-8e65-3109220f5daa","Vehicle-CodewithYu-123","2025-04-09 10:03:31.940","[51.61491103810475,-0.3230718648328474]","36.36","North_east","BMW","C500","2024",
"f8fcee6a-e0bb-482b-bb1a-6679e0dc26c6","Vehicle-CodewithYu-123","2025-04-09 09:45:43.566","[51.56604811923439,-0.23321744340043518]","11.68","North_east","BMW","C500","2024",
"24de1e06-0373-4730-9967-5eeca370c917","Vehicle-CodewithYu-123","2025-04-09 09:44:25.719","[51.53656688213791,-0.1810570423312176]","35.42","North_east","BMW","C500","2024",
"4f64098d-c239-40cb-9756-5282e50f04b7","Vehicle-CodewithYu-123","2025-04-09 10:32:10.905","[52.06474102542213,-1.1350335384668737]","33.74","North_east","BMW","C500","2024",
"13393950-0692-4385-b654-80b867fc1b22","Vehicle-CodewithYu-123","2025-04-09 09:51:24.905","[51.52717667186139,-0.16331096963185496]","26.35","North_east","BMW","C500","2024",
"8d6dffcb-200c-42aa-a5b1-d8796a74d878","Vehicle-CodewithYu-123","2025-04-09 10:32:59.905","[52.074088663461644,-1.1523669099006413]","32.47","North_east","BMW","C500","2024",
"70f0ac0d-7a2a-46f8-a4eb-c70152a495d4","Vehicle-CodewithYu-123","2025-04-09 10:29:18.719","[52.12240697449255,-1.2406495647379552]","18.64","North_east","BMW","C500","2024",
"c9211107-76ef-4c0b-b881-161bca880256","Vehicle-CodewithYu-123","2025-04-09 10:19:33.719","[51.995563723524064,-1.0114774888206919]","16.65","North_east","BMW","C500","2024",
"96620bfb-2240-4747-8e10-92877a2d7c9e","Vehicle-CodewithYu-123","2025-04-09 10:20:11.719","[52.00555457846625,-1.0293325723937157]","16.92","North_east","BMW","C500","2024",
"087eb1d1-2c1e-4b5f-953e-57ecc7179eda","Vehicle-CodewithYu-123","2025-04-09 09:57:13.940","[51.53656688213791,-0.1810570423312176]","35.42","North_east","BMW","C500","2024",
"3b0c5482-5845-4daf-9215-c82481749620","Vehicle-CodewithYu-123","2025-04-09 09:57:44.940","[51.54643223428317,-0.1984784704950027]","29.84","North_east","BMW","C500","2024",
"88fbb133-5df1-4247-a3f3-469992f7c666","Vehicle-CodewithYu-123","2025-04-09 09:58:36.940","[51.5560755049834,-0.215934295320625]","38.1","North_east","BMW","C500","2024",
"a8a81753-bd20-46f7-8d5d-8211f315bbdf","Vehicle-CodewithYu-123","2025-04-09 09:52:05.905","[51.53656688213791,-0.1810570423312176]","35.42","North_east","BMW","C500","2024",
"d63ae400-7dd2-4573-9938-c4930118ca40","Vehicle-CodewithYu-123","2025-04-09 10:22:32.905","[51.93717860943231,-0.905167286952889]","28.18","North_east","BMW","C500","2024",
"4e4c8b37-21d5-498f-8eec-8590bdf0d759","Vehicle-CodewithYu-123","2025-04-09 09:52:03.719","[51.634053529653166,-0.3583310066137131]","17.44","North_east","BMW","C500","2024",
"e526f656-cd2f-4e0f-9d01-e21ae679f906","Vehicle-CodewithYu-123","2025-04-09 09:52:40.719","[51.64420116505342,-0.37638614926382447]","18.35","North_east","BMW","C500","2024",
"68bad150-d4ec-4786-9378-e8b5516d6910","Vehicle-CodewithYu-123","2025-04-09 10:23:20.905","[51.94740808003085,-0.9230949571757973]","30.72","North_east","BMW","C500","2024",
"17c0699b-fcc7-42af-8e07-0ce1ad890832","Vehicle-CodewithYu-123","2025-04-09 09:56:52.905","[51.59533875072212,-0.28703814338096606]","26.11","North_east","BMW","C500","2024",
"2790f0f2-7900-4dfc-87fd-c54e33ee3d55","Vehicle-CodewithYu-123","2025-04-09 09:57:42.905","[51.605134432396724,-0.3050577325581683]","18.95","North_east","BMW","C500","2024",
"58ee5ec1-0942-4b01-a8b0-17d6fd6fefbb","Vehicle-CodewithYu-123","2025-04-09 10:09:47.905","[51.76982726766227,-0.6061539114424331]","33.47","North_east","BMW","C500","2024",
"e4109cbd-8dec-4cd9-a9a7-25dfab70afec","Vehicle-CodewithYu-123","2025-04-09 10:10:28.905","[51.7793148404923,-0.6233614595412037]","19.16","North_east","BMW","C500","2024",
"7372f7a8-2381-4760-ae78-94d2e5a9dbd2","Vehicle-CodewithYu-123","2025-04-09 09:55:54.905","[51.58537046731186,-0.2690266951239498]","14.59","North_east","BMW","C500","2024",
"09c1fb36-8f36-4a1c-9ee1-21b928e63519","Vehicle-CodewithYu-123","2025-04-09 10:51:37.719","[52.399314960194616,-1.7343922344218015]","18.63","North_east","BMW","C500","2024",
"14da0292-ec1b-4fec-95d9-f121776203a5","Vehicle-CodewithYu-123","2025-04-09 09:50:32.905","[51.51732742679845,-0.14590098924477735]","17.35","North_east","BMW","C500","2024",
"605db207-5777-4c0d-ae13-5fe4c89d3227","Vehicle-CodewithYu-123","2025-04-09 10:24:42.905","[51.966692962237246,-0.9581636890881715]","18.1","North_east","BMW","C500","2024",
"ea6556fe-3601-4ddb-bae3-044605d5b15b","Vehicle-CodewithYu-123","2025-04-09 10:25:36.905","[51.97625989048644,-0.9758388870879777]","23.94","North_east","BMW","C500","2024",
"0bb2beb4-a36a-4199-94cb-ee7418f1b2e6","Vehicle-CodewithYu-123","2025-04-09 09:42:52.719","[51.51732742679845,-0.14590098924477735]","17.35","North_east","BMW","C500","2024",
"7c95d4fc-54f4-4e61-8787-cc818f9926fc","Vehicle-CodewithYu-123","2025-04-09 09:58:23.719","[51.711731456132256,-0.5005546273065101]","39.88","North_east","BMW","C500","2024",
"a35f0685-9a62-4087-ab1d-b5531994438a","Vehicle-CodewithYu-123","2025-04-09 09:59:02.719","[51.72145764070526,-0.5181374093442486]","28.35","North_east","BMW","C500","2024",
"9378e7db-7f6a-4dc1-b3c6-1896c67d3c77","Vehicle-CodewithYu-123","2025-04-09 10:03:44.719","[51.78924432223091,-0.6410877811568436]","26.09","North_east","BMW","C500","2024",
"0eaf624f-38dc-4c46-a5fb-4213d35182a8","Vehicle-CodewithYu-123","2025-04-09 10:04:33.719","[51.79926086729156,-0.6589001038426486]","39.53","North_east","BMW","C500","2024",
"b839e25d-bf66-49d2-a86d-ed0a5273d65b","Vehicle-CodewithYu-123","2025-04-09 10:22:03.719","[52.035078697899976,-1.0821792276087567]","14.48","North_east","BMW","C500","2024",
"6d6b38c5-fa09-488b-bbb1-688a0772b8d7","Vehicle-CodewithYu-123","2025-04-09 10:44:22.719","[52.31068867562316,-1.5752002162907521]","21.02","North_east","BMW","C500","2024",
"704db4f9-d111-41fe-be84-5534e91a9197","Vehicle-CodewithYu-123","2025-04-09 10:06:21.940","[51.653912743676436,-0.3940451245957878]","11.63","North_east","BMW","C500","2024",
"4eda1b3d-c664-4fbf-8465-54ea3ddded0f","Vehicle-CodewithYu-123","2025-04-09 10:25:19.719","[52.074088663461644,-1.1523669099006413]","32.47","North_east","BMW","C500","2024",
"1b2aadd5-a29c-4568-9412-26211dff3c70","Vehicle-CodewithYu-123","2025-04-09 10:08:34.905","[51.751016404762034,-0.5708880056534111]","26.37","North_east","BMW","C500","2024",
"962e910e-2edd-4a5a-a0ff-ffc861e5ab46","Vehicle-CodewithYu-123","2025-04-09 10:09:07.905","[51.760514481300376,-0.5887644759141882]","20.61","North_east","BMW","C500","2024",
"8bd84f09-c077-4979-90ca-fe9ee7a27c9a","Vehicle-CodewithYu-123","2025-04-09 10:01:27.719","[51.760514481300376,-0.5887644759141882]","20.61","North_east","BMW","C500","2024",
"703171bb-ce7c-4f39-ad10-c7acdaa362e6","Vehicle-CodewithYu-123","2025-04-09 10:02:07.719","[51.76982726766227,-0.6061539114424331]","33.47","North_east","BMW","C500","2024",
"a0903632-7bd6-40ad-9e51-d9861f441222","Vehicle-CodewithYu-123","2025-04-09 10:04:18.940","[51.62432742956925,-0.3407225824547486]","14.95","North_east","BMW","C500","2024",
"b50dd453-d7aa-4ef3-99f2-4d1216e13df0","Vehicle-CodewithYu-123","2025-04-09 09:56:14.719","[51.68247813685676,-0.447461570316535]","11.75","North_east","BMW","C500","2024",
"da612aa0-3ac0-46ff-9919-1ea74835faa5","Vehicle-CodewithYu-123","2025-04-09 10:13:55.905","[51.81875550124101,-0.6948902899385322]","38.21","North_east","BMW","C500","2024",
"84f86ec5-201e-41c1-8c26-c64a91fd68d0","Vehicle-CodewithYu-123","2025-04-09 09:56:49.719","[51.69272691576003,-0.46550745885129446]","12.06","North_east","BMW","C500","2024",
"8e68d255-74fc-4d5f-aaeb-3409cf334693","Vehicle-CodewithYu-123","2025-04-09 10:14:31.905","[51.82850848943126,-0.7125741301392274]","25.34","North_east","BMW","C500","2024",
"b05a90a4-7d0e-4926-8afd-2ab4d38853f1","Vehicle-CodewithYu-123","2025-04-09 10:00:54.719","[51.751016404762034,-0.5708880056534111]","26.37","North_east","BMW","C500","2024",
"ce65c6b6-1f62-464e-9dc5-18121b87c598","Vehicle-CodewithYu-123","2025-04-09 08:21:16.398","[51.51732742679845,-0.14590098924477735]","17.35","North_east","BMW","C500","2024",
"e3a71b3a-3aa0-4fb7-8e36-7bda9c62bcb1","Vehicle-CodewithYu-123","2025-04-09 08:22:08.398","[51.52717667186139,-0.16331096963185496]","26.35","North_east","BMW","C500","2024",
"d6bc02c7-38c8-44ff-be99-047ff3121b4a","Vehicle-CodewithYu-123","2025-04-09 08:22:49.398","[51.53656688213791,-0.1810570423312176]","35.42","North_east","BMW","C500","2024",
"cef80a30-a848-4764-8f09-5abdfd223278","Vehicle-CodewithYu-123","2025-04-09 08:23:20.398","[51.54643223428317,-0.1984784704950027]","29.84","North_east","BMW","C500","2024",
"2c7eda24-d6dc-40d6-a3f7-f8928cc85871","Vehicle-CodewithYu-123","2025-04-09 08:24:12.398","[51.5560755049834,-0.215934295320625]","38.1","North_east","BMW","C500","2024",
"8396f738-fe4a-4619-a7ea-32f8339a5f66","Vehicle-CodewithYu-123","2025-04-09 08:25:06.398","[51.56604811923439,-0.23321744340043518]","11.68","North_east","BMW","C500","2024",
"08793633-66ba-41ea-9047-6c520cbdd677","Vehicle-CodewithYu-123","2025-04-09 08:26:05.398","[51.575991557899684,-0.2509478114993745]","29.29","North_east","BMW","C500","2024",
"067ac400-9a4b-4a2a-863b-5a79da613676","Vehicle-CodewithYu-123","2025-04-09 08:26:38.398","[51.58537046731186,-0.2690266951239498]","14.59","North_east","BMW","C500","2024",
"b4eb04d5-09c4-40a9-b948-9b94e5e39fee","Vehicle-CodewithYu-123","2025-04-09 08:27:36.398","[51.59533875072212,-0.28703814338096606]","26.11","North_east","BMW","C500","2024",
"abfa8e39-22b4-4ff8-856e-1c2c40d01a21","Vehicle-CodewithYu-123","2025-04-09 08:28:26.398","[51.605134432396724,-0.3050577325581683]","18.95","North_east","BMW","C500","2024",
"5df98dff-daa5-4f90-af0d-65b642d1d1a6","Vehicle-CodewithYu-123","2025-04-09 08:29:07.398","[51.61491103810475,-0.3230718648328474]","36.36","North_east","BMW","C500","2024",
"38e9cea5-cba3-4905-a519-99ff57a4c3ae","Vehicle-CodewithYu-123","2025-04-09 08:29:54.398","[51.62432742956925,-0.3407225824547486]","14.95","North_east","BMW","C500","2024",
"41e812cd-182b-4ea2-91b3-bc6615751449","Vehicle-CodewithYu-123","2025-04-09 08:30:27.398","[51.634053529653166,-0.3583310066137131]","17.44","North_east","BMW","C500","2024",
"7a52132d-a0e3-470f-9bc9-720378e47a91","Vehicle-CodewithYu-123","2025-04-09 08:31:04.398","[51.64420116505342,-0.37638614926382447]","18.35","North_east","BMW","C500","2024",
"eec808c3-c9e5-44d6-9b21-2ffd69b595d6","Vehicle-CodewithYu-123","2025-04-09 08:31:57.398","[51.653912743676436,-0.3940451245957878]","11.63","North_east","BMW","C500","2024",
"4f9a2feb-afb7-42a1-baaa-d9a019286061","Vehicle-CodewithYu-123","2025-04-09 08:32:41.398","[51.66334092597353,-0.4119876365600006]","17.49","North_east","BMW","C500","2024",
"81eee67d-224f-4691-8f68-7cdc68d2808f","Vehicle-CodewithYu-123","2025-04-09 08:33:38.398","[51.67303534003148,-0.4296322781420296]","22.03","North_east","BMW","C500","2024",
"f9acb7d3-0dee-464a-b779-b141505a6184","Vehicle-CodewithYu-123","2025-04-09 08:46:01.668","[51.51732742679845,-0.14590098924477735]","17.35","North_east","BMW","C500","2024",
"c2d82364-9f04-4b78-84e5-04f65667790a","Vehicle-CodewithYu-123","2025-04-09 08:46:53.668","[51.52717667186139,-0.16331096963185496]","26.35","North_east","BMW","C500","2024",
"c6034ca9-6cb1-4746-9b87-c216e021bfcb","Vehicle-CodewithYu-123","2025-04-09 08:47:34.668","[51.53656688213791,-0.1810570423312176]","35.42","North_east","BMW","C500","2024",
"4cd84833-6617-4391-a2be-9b08fed8021c","Vehicle-CodewithYu-123","2025-04-09 08:48:05.668","[51.54643223428317,-0.1984784704950027]","29.84","North_east","BMW","C500","2024",
"3d71b564-1877-4d59-8cc0-5ffe0c70e26b","Vehicle-CodewithYu-123","2025-04-09 08:48:57.668","[51.5560755049834,-0.215934295320625]","38.1","North_east","BMW","C500","2024",
"bbd5fc04-4efc-4612-892f-5bdf6a415e67","Vehicle-CodewithYu-123","2025-04-09 08:49:51.668","[51.56604811923439,-0.23321744340043518]","11.68","North_east","BMW","C500","2024",
"5256e5cb-e6c8-44db-bccb-2d5305ff04f2","Vehicle-CodewithYu-123","2025-04-09 08:50:50.668","[51.575991557899684,-0.2509478114993745]","29.29","North_east","BMW","C500","2024",
"a183b1f3-ff01-4af5-becc-3b1df8668ce8","Vehicle-CodewithYu-123","2025-04-09 08:51:23.668","[51.58537046731186,-0.2690266951239498]","14.59","North_east","BMW","C500","2024",
"2204f461-18ef-4ffd-9a7a-83c985d2e92e","Vehicle-CodewithYu-123","2025-04-09 08:52:21.668","[51.59533875072212,-0.28703814338096606]","26.11","North_east","BMW","C500","2024",
"cc033f99-1196-4aee-816c-f217cd2731c6","Vehicle-CodewithYu-123","2025-04-09 08:53:11.668","[51.605134432396724,-0.3050577325581683]","18.95","North_east","BMW","C500","2024",
"72b4d85d-ba98-4cae-90c2-8f8e73f2f496","Vehicle-CodewithYu-123","2025-04-09 08:53:52.668","[51.61491103810475,-0.3230718648328474]","36.36","North_east","BMW","C500","2024",
"ff954107-7c8d-4a17-b930-1607a8dab676","Vehicle-CodewithYu-123","2025-04-09 08:54:39.668","[51.62432742956925,-0.3407225824547486]","14.95","North_east","BMW","C500","2024",
"38aa59bb-c991-449f-a16b-12e479294637","Vehicle-CodewithYu-123","2025-04-09 08:55:12.668","[51.634053529653166,-0.3583310066137131]","17.44","North_east","BMW","C500","2024",
"5ca81024-00e8-4614-a307-272d8022063a","Vehicle-CodewithYu-123","2025-04-09 08:55:49.668","[51.64420116505342,-0.37638614926382447]","18.35","North_east","BMW","C500","2024",
"5625370d-acf7-47ad-99f2-62d53e352596","Vehicle-CodewithYu-123","2025-04-09 08:56:42.668","[51.653912743676436,-0.3940451245957878]","11.63","North_east","BMW","C500","2024",
"1faf4281-ac36-416a-b5cf-59feab52d516","Vehicle-CodewithYu-123","2025-04-09 08:57:26.668","[51.66334092597353,-0.4119876365600006]","17.49","North_east","BMW","C500","2024",
"f092a094-3193-4ab9-9366-0fad013eb8dc","Vehicle-CodewithYu-123","2025-04-09 08:58:23.668","[51.67303534003148,-0.4296322781420296]","22.03","North_east","BMW","C500","2024",
"09b60749-eec1-42c5-9d03-3706cdefe9fa","Vehicle-CodewithYu-123","2025-04-09 08:59:23.668","[51.68247813685676,-0.447461570316535]","11.75","North_east","BMW","C500","2024",
"1c58d14b-8c27-4b78-97d4-e8de532ce3d5","Vehicle-CodewithYu-123","2025-04-09 08:59:58.668","[51.69272691576003,-0.46550745885129446]","12.06","North_east","BMW","C500","2024",
"414186fe-c091-4496-b909-98f928ec4dbe","Vehicle-CodewithYu-123","2025-04-09 09:00:44.668","[51.70243414067537,-0.4830497865620032]","19.49","North_east","BMW","C500","2024",
"1170ee68-5acb-4cc6-8840-4d3e37f6f097","Vehicle-CodewithYu-123","2025-04-09 09:01:32.668","[51.711731456132256,-0.5005546273065101]","39.88","North_east","BMW","C500","2024",
"2e77c296-3cbe-489a-a13b-63e9a51b0e6b","Vehicle-CodewithYu-123","2025-04-09 09:02:11.668","[51.72145764070526,-0.5181374093442486]","28.35","North_east","BMW","C500","2024",
"e4198cfd-c78c-4f79-970b-a2e2f67347ec","Vehicle-CodewithYu-123","2025-04-09 09:02:58.668","[51.73086106937568,-0.5361563733665392]","14.66","North_east","BMW","C500","2024",
"a28d4141-9c89-4065-8984-31a09c6271d3","Vehicle-CodewithYu-123","2025-04-09 09:03:29.668","[51.740783353822984,-0.553453025277167]","10.11","North_east","BMW","C500","2024",
"2d40768e-655b-43d9-a2df-40e7b3d0853c","Vehicle-CodewithYu-123","2025-04-09 09:04:03.668","[51.751016404762034,-0.5708880056534111]","26.37","North_east","BMW","C500","2024",
"edf6ffb3-ec4a-4897-8351-214ab6e11588","Vehicle-CodewithYu-123","2025-04-09 09:04:36.668","[51.760514481300376,-0.5887644759141882]","20.61","North_east","BMW","C500","2024",
"3ab5f87a-aaf8-4a32-a9fa-66c000456e78","Vehicle-CodewithYu-123","2025-04-09 09:05:16.668","[51.76982726766227,-0.6061539114424331]","33.47","North_east","BMW","C500","2024",
"17c7c357-c370-41a6-b385-4cfc2dfe73e6","Vehicle-CodewithYu-123","2025-04-09 09:05:57.668","[51.7793148404923,-0.6233614595412037]","19.16","North_east","BMW","C500","2024",
"824e8c37-89fd-423d-b737-f95b50347fcf","Vehicle-CodewithYu-123","2025-04-09 09:06:53.668","[51.78924432223091,-0.6410877811568436]","26.09","North_east","BMW","C500","2024",
"045b89ce-ea0f-4f36-9173-173cd5ff2a12","Vehicle-CodewithYu-123","2025-04-09 09:07:42.668","[51.79926086729156,-0.6589001038426486]","39.53","North_east","BMW","C500","2024",
"db9474d9-5201-4299-8617-b58334f37689","Vehicle-CodewithYu-123","2025-04-09 09:08:33.668","[51.80891308876334,-0.6769561300315223]","37.62","North_east","BMW","C500","2024",
"2bb73049-e3c2-4f42-a7c9-22f3bdcf2d90","Vehicle-CodewithYu-123","2025-04-09 09:09:24.668","[51.81875550124101,-0.6948902899385322]","38.21","North_east","BMW","C500","2024",
"556b9d8f-1267-4716-b9db-d02392ce5714","Vehicle-CodewithYu-123","2025-04-09 09:10:00.668","[51.82850848943126,-0.7125741301392274]","25.34","North_east","BMW","C500","2024",
"283c5e56-3c29-4726-8f7b-df22565c97fd","Vehicle-CodewithYu-123","2025-04-09 09:10:36.668","[51.838469285101816,-0.7304754894732302]","14.42","North_east","BMW","C500","2024",
"e4e5395f-3944-420e-9696-22e7db1df24c","Vehicle-CodewithYu-123","2025-04-09 09:11:28.668","[51.848156937964696,-0.7484539181281389]","10.17","North_east","BMW","C500","2024",
"90350317-e905-45ea-b77b-8695c2b74b3f","Vehicle-CodewithYu-123","2025-04-09 09:12:01.668","[51.85800234375873,-0.7656624481136834]","23.69","North_east","BMW","C500","2024",
"0f559e82-53af-477b-9639-a69d0a59dd4e","Vehicle-CodewithYu-123","2025-04-09 09:12:59.668","[51.86812091292845,-0.7832405761630726]","14.77","North_east","BMW","C500","2024",
"3da2a486-945a-480e-a288-af3405783261","Vehicle-CodewithYu-123","2025-04-09 09:13:36.668","[51.877848785521714,-0.8006530313004616]","18.15","North_east","BMW","C500","2024",
"94dcdcd9-7a0c-4f3c-b71c-602505e64c89","Vehicle-CodewithYu-123","2025-04-09 09:14:07.668","[51.887467666912755,-0.8183131069971105]","16.21","North_east","BMW","C500","2024",
"7502f29c-4da8-4e91-a3a0-d6259d4f8ff5","Vehicle-CodewithYu-123","2025-04-09 09:15:07.668","[51.89750914203781,-0.8355856590465414]","35.07","North_east","BMW","C500","2024",
"ea6bcfb1-4476-4dba-a8a6-05a859caecac","Vehicle-CodewithYu-123","2025-04-09 09:15:56.668","[51.907637647700874,-0.8527921174258725]","26.02","North_east","BMW","C500","2024",
"58359e5c-5b7f-46cf-8435-1f79c30912fa","Vehicle-CodewithYu-123","2025-04-09 09:16:36.668","[51.917253000367815,-0.870463418100856]","32.84","North_east","BMW","C500","2024",
"898d4eb9-b045-4d64-b540-18c90e7a4b01","Vehicle-CodewithYu-123","2025-04-09 09:17:26.668","[51.92719114446106,-0.8878081850512451]","11.21","North_east","BMW","C500","2024",
"76f8d08a-f652-480e-ae5e-dd282477ec0d","Vehicle-CodewithYu-123","2025-04-09 09:18:01.668","[51.93717860943231,-0.905167286952889]","28.18","North_east","BMW","C500","2024",
"799d9e86-43bd-4321-a66a-694d1da0c925","Vehicle-CodewithYu-123","2025-04-09 09:18:49.668","[51.94740808003085,-0.9230949571757973]","30.72","North_east","BMW","C500","2024",
"a032ea64-960c-45a6-8742-ebfffe4eecad","Vehicle-CodewithYu-123","2025-04-09 09:19:21.668","[51.95722882527616,-0.9405594358351099]","25.18","North_east","BMW","C500","2024",
"b8fef220-212c-47d4-bbb5-493ee4c263da","Vehicle-CodewithYu-123","2025-04-09 09:20:11.668","[51.966692962237246,-0.9581636890881715]","18.1","North_east","BMW","C500","2024",
"b9698bb8-b21a-49cd-8229-9a011f706671","Vehicle-CodewithYu-123","2025-04-09 09:21:05.668","[51.97625989048644,-0.9758388870879777]","23.94","North_east","BMW","C500","2024",
"d14ea5e7-097b-4e72-b167-4b492aa64011","Vehicle-CodewithYu-123","2025-04-09 09:22:03.668","[51.98582754897448,-0.9933687320800403]","18.29","North_east","BMW","C500","2024",
"0589765b-f36d-4c33-ba7c-ceadc6170401","Vehicle-CodewithYu-123","2025-04-09 09:22:42.668","[51.995563723524064,-1.0114774888206919]","16.65","North_east","BMW","C500","2024",
"242b0cc6-1c3a-4dd8-8b74-f611bcf2966b","Vehicle-CodewithYu-123","2025-04-09 09:23:20.668","[52.00555457846625,-1.0293325723937157]","16.92","North_east","BMW","C500","2024",
"5010c2af-81a6-41dc-8d2d-bacfaae595be","Vehicle-CodewithYu-123","2025-04-09 09:23:59.668","[52.01582308909671,-1.0466259440303884]","16.82","North_east","BMW","C500","2024",
"1ec893a2-a53c-426e-9fc5-0580aafbd9d3","Vehicle-CodewithYu-123","2025-04-09 09:24:38.668","[52.025213676743505,-1.064739678627013]","24.08","North_east","BMW","C500","2024",
"a5c261cb-ec64-4242-8de4-15e5092c5bed","Vehicle-CodewithYu-123","2025-04-09 09:25:12.668","[52.035078697899976,-1.0821792276087567]","14.48","North_east","BMW","C500","2024",
"6c005499-f71e-4477-a0c0-f6be8868d936","Vehicle-CodewithYu-123","2025-04-09 09:26:09.668","[52.04481721236487,-1.0998625066047374]","27.66","North_east","BMW","C500","2024",
"9ba88622-e8b5-4514-a619-539dbf992619","Vehicle-CodewithYu-123","2025-04-09 09:26:44.668","[52.05476564050206,-1.1178314495113564]","26.56","North_east","BMW","C500","2024",
"f06001a5-4533-4697-bf59-08b6ded6fbad","Vehicle-CodewithYu-123","2025-04-09 09:27:39.668","[52.06474102542213,-1.1350335384668737]","33.74","North_east","BMW","C500","2024",
"143e4fd5-567f-48d6-90c0-2011d52b45c3","Vehicle-CodewithYu-123","2025-04-09 09:28:28.668","[52.074088663461644,-1.1523669099006413]","32.47","North_east","BMW","C500","2024",
"e9d9fa4e-2d36-4822-8d4b-9e130ad47053","Vehicle-CodewithYu-123","2025-04-09 09:29:26.668","[52.08381442232522,-1.1698948732386]","22.96","North_east","BMW","C500","2024",
"ea71d132-d273-49d7-b4f7-393eb161bfd5","Vehicle-CodewithYu-123","2025-04-09 09:30:01.668","[52.093678669309824,-1.1872577642344282]","24.12","North_east","BMW","C500","2024",
"d031c3d6-369b-4df1-948d-d92fc75db1cd","Vehicle-CodewithYu-123","2025-04-09 09:30:34.668","[52.10337501740325,-1.2050627059784715]","35.73","North_east","BMW","C500","2024",
"e1e6ebe1-fd01-42a5-a0f2-55c9473f4669","Vehicle-CodewithYu-123","2025-04-09 09:31:28.668","[52.1129154162542,-1.2230727843770406]","22.13","North_east","BMW","C500","2024",
"386e62e3-d5ae-4951-b109-2175923ceaa5","Vehicle-CodewithYu-123","2025-04-09 09:32:27.668","[52.12240697449255,-1.2406495647379552]","18.64","North_east","BMW","C500","2024",
"173f9549-046c-43d6-bd1a-61dffd1f01f0","Vehicle-CodewithYu-123","2025-04-09 09:33:23.668","[52.1322472259016,-1.2586823555366735]","37.39","North_east","BMW","C500","2024",
"c3ea2274-9981-49f9-9750-28f130a73058","Vehicle-CodewithYu-123","2025-04-09 09:34:05.668","[52.14177895680768,-1.276257090459793]","15.72","North_east","BMW","C500","2024",
"b49ca48a-5e51-4516-bf72-6195d4b538c5","Vehicle-CodewithYu-123","2025-04-09 09:34:44.668","[52.151887506280865,-1.29410025147651]","35.12","North_east","BMW","C500","2024",
"3be40d05-02e9-4ab8-b634-c4699a5bdab2","Vehicle-CodewithYu-123","2025-04-09 09:35:36.668","[52.16210835853658,-1.311356649793276]","17.16","North_east","BMW","C500","2024",
"d73ea0c6-4125-47e2-b6e9-5aa93f980ce1","Vehicle-CodewithYu-123","2025-04-09 09:36:22.668","[52.171891687186196,-1.3294456301819304]","38.96","North_east","BMW","C500","2024",
"19d30b4e-a372-4863-b7f8-efa1b2a44ae3","Vehicle-CodewithYu-123","2025-04-09 09:37:02.668","[52.18164917778718,-1.346602426551356]","28.7","North_east","BMW","C500","2024",
"1a1c19fc-f875-4991-9ef5-fc17a3193dc5","Vehicle-CodewithYu-123","2025-04-09 09:37:53.668","[52.191554637248785,-1.364493656308254]","37.63","North_east","BMW","C500","2024",
"9d53e071-4800-4149-8713-29a1dee554ed","Vehicle-CodewithYu-123","2025-04-09 09:38:48.668","[52.201746061310836,-1.3825736653395766]","11.68","North_east","BMW","C500","2024",
"13d68cf1-5966-4930-aaeb-13a3e6d5aea5","Vehicle-CodewithYu-123","2025-04-09 09:39:47.668","[52.21165377167937,-1.40045883554772]","27.49","North_east","BMW","C500","2024",
"126d7bae-fb36-4ef5-969c-5e9be6b23403","Vehicle-CodewithYu-123","2025-04-09 09:40:35.668","[52.221015633579654,-1.4176395999127853]","18.97","North_east","BMW","C500","2024",
"f216a4f8-b8eb-4018-9bc5-4390ae841087","Vehicle-CodewithYu-123","2025-04-09 09:41:27.668","[52.230875556272004,-1.4351907879826067]","18.86","North_east","BMW","C500","2024",
"4ecb1360-f21d-48f5-acba-7549e29edd5c","Vehicle-CodewithYu-123","2025-04-09 09:42:21.668","[52.24099639517168,-1.4524138530641568]","33.97","North_east","BMW","C500","2024",
"21c18c83-1ad8-47aa-b027-c5ad5abac234","Vehicle-CodewithYu-123","2025-04-09 09:43:00.668","[52.25118779887575,-1.4698935124552661]","33.66","North_east","BMW","C500","2024",
"03c77d11-bb4e-410a-9386-3662799094a2","Vehicle-CodewithYu-123","2025-04-09 09:43:56.668","[52.26100665124945,-1.4871060254807844]","14.94","North_east","BMW","C500","2024",
"547ef2f4-797e-4366-82ab-9476022c1e01","Vehicle-CodewithYu-123","2025-04-09 09:44:38.668","[52.27115479184635,-1.5045078087687087]","39.02","North_east","BMW","C500","2024",
"940689b6-47a6-4a4c-84d5-0f56a06411ee","Vehicle-CodewithYu-123","2025-04-09 09:45:11.668","[52.28126520914758,-1.521693516876929]","30.25","North_east","BMW","C500","2024",
"53164e7e-dbd7-4f39-aedf-16c8bd2aadd6","Vehicle-CodewithYu-123","2025-04-09 09:45:42.668","[52.290669885084306,-1.5397741700659155]","19.13","North_east","BMW","C500","2024",
"99a05fa7-8661-4568-846c-ffe6be33f6f7","Vehicle-CodewithYu-123","2025-04-09 09:46:40.668","[52.30054522542986,-1.5571735709153582]","22.45","North_east","BMW","C500","2024",
"5c4730aa-dd9b-453e-b58d-d51748762f7d","Vehicle-CodewithYu-123","2025-04-09 09:47:31.668","[52.31068867562316,-1.5752002162907521]","21.02","North_east","BMW","C500","2024",
"4e622e1b-c442-48e6-9f98-d3e187b6e245","Vehicle-CodewithYu-123","2025-04-09 09:48:20.668","[52.32063944436123,-1.592684511823519]","39.13","North_east","BMW","C500","2024",
"35c2c12f-8163-4929-8098-6f65e125e412","Vehicle-CodewithYu-123","2025-04-09 09:49:14.668","[52.33074049734235,-1.6105775131444728]","14.43","North_east","BMW","C500","2024",
"358721b8-d08a-4cde-ba8d-aba6661053f6","Vehicle-CodewithYu-123","2025-04-09 09:49:51.668","[52.34004335766958,-1.627913528480238]","27.67","North_east","BMW","C500","2024",
"e8bb4e39-4b94-4ac4-80c8-70a45781bda2","Vehicle-CodewithYu-123","2025-04-09 09:50:40.668","[52.349783363089486,-1.6458179787238196]","11.3","North_east","BMW","C500","2024",
"6a446d3f-c364-4e46-bd8f-f6f18829fb2c","Vehicle-CodewithYu-123","2025-04-09 09:51:39.668","[52.35975746058555,-1.6634537098696753]","23.31","North_east","BMW","C500","2024",
"4ef868f6-6257-4749-9bf7-b5aa793316aa","Vehicle-CodewithYu-123","2025-04-09 09:52:23.668","[52.37004008834141,-1.681049153032244]","25.17","North_east","BMW","C500","2024",
"a5c51529-7ce6-4f2f-bc3a-a8c79fed7a36","Vehicle-CodewithYu-123","2025-04-09 09:53:03.668","[52.37977964325738,-1.6989466594578793]","34.82","North_east","BMW","C500","2024",
"71dadb9c-20ce-4b52-8fc0-d1aeefc8c792","Vehicle-CodewithYu-123","2025-04-09 09:53:46.668","[52.38915886804575,-1.7169872951005476]","12.9","North_east","BMW","C500","2024",
"21a0fd66-a924-4e9e-a5aa-8353a08f0ce1","Vehicle-CodewithYu-123","2025-04-09 09:54:46.668","[52.399314960194616,-1.7343922344218015]","18.63","North_east","BMW","C500","2024",
"88c4cd2f-3ad5-44b3-aceb-d6fa95ecb2b6","Vehicle-CodewithYu-123","2025-04-09 09:55:23.668","[52.40871784550815,-1.7522396662093065]","34.22","North_east","BMW","C500","2024",
"9b82a981-9050-409f-b60a-1bcea57f1dd6","Vehicle-CodewithYu-123","2025-04-09 09:55:58.668","[52.418927383029185,-1.7700146427885695]","36.1","North_east","BMW","C500","2024",
"b93b3a08-933a-4780-8d83-849c01d0ccb4","Vehicle-CodewithYu-123","2025-04-09 09:56:37.668","[52.42866902881986,-1.7879832335127244]","31.65","North_east","BMW","C500","2024",
"55976327-17a2-4e83-a2cf-78ba19fae762","Vehicle-CodewithYu-123","2025-04-09 09:57:26.668","[52.43840014179419,-1.8056852187396113]","23.26","North_east","BMW","C500","2024",
"b909399c-7ca0-412b-954f-7856188290d0","Vehicle-CodewithYu-123","2025-04-09 09:58:15.668","[52.447733559156795,-1.8234159553435236]","11.64","North_east","BMW","C500","2024",
"36e27a55-09ac-4a5b-8375-c1d9167bb064","Vehicle-CodewithYu-123","2025-04-09 09:58:52.668","[52.45715074485855,-1.841009372995656]","25.01","North_east","BMW","C500","2024",
"fe57228a-78cd-4b8c-b8a1-9f8ce8194daa","Vehicle-CodewithYu-123","2025-04-09 09:59:44.668","[52.46701450401929,-1.85856197331477]","29.2","North_east","BMW","C500","2024",
"67738b27-36f8-4b54-b0bf-d89d9b35a7c3","Vehicle-CodewithYu-123","2025-04-09 10:00:27.668","[52.47673921579886,-1.8765821101813744]","27.67","North_east","BMW","C500","2024",
"47743c90-230e-47dd-aaac-ffd3fbc19e12","Vehicle-CodewithYu-123","2025-04-09 09:06:38.188","[51.51732742679845,-0.14590098924477735]","17.35","North_east","BMW","C500","2024",
"066aa157-babc-495f-b843-42da56600e2c","Vehicle-CodewithYu-123","2025-04-09 09:07:30.188","[51.52717667186139,-0.16331096963185496]","26.35","North_east","BMW","C500","2024",
"23cbebf3-61a1-48e7-84a3-69a92940773b","Vehicle-CodewithYu-123","2025-04-09 09:08:11.188","[51.53656688213791,-0.1810570423312176]","35.42","North_east","BMW","C500","2024",
"360a193c-20d1-48ad-b544-ee7a57442201","Vehicle-CodewithYu-123","2025-04-09 09:08:42.188","[51.54643223428317,-0.1984784704950027]","29.84","North_east","BMW","C500","2024",
"66a90f15-d3db-4649-a114-b8ae41abccab","Vehicle-CodewithYu-123","2025-04-09 09:09:34.188","[51.5560755049834,-0.215934295320625]","38.1","North_east","BMW","C500","2024",
"90aae05d-7cb4-4a2d-b536-25f3480b7321","Vehicle-CodewithYu-123","2025-04-09 09:10:28.188","[51.56604811923439,-0.23321744340043518]","11.68","North_east","BMW","C500","2024",
"e755abbb-5f64-4a8c-8ec5-a8fd44f59d36","Vehicle-CodewithYu-123","2025-04-09 09:11:27.188","[51.575991557899684,-0.2509478114993745]","29.29","North_east","BMW","C500","2024",
"857532d9-d320-48d9-be05-49a560a39f12","Vehicle-CodewithYu-123","2025-04-09 09:12:00.188","[51.58537046731186,-0.2690266951239498]","14.59","North_east","BMW","C500","2024",
"1391f65d-5f7b-4bb3-a0c0-f15731c42def","Vehicle-CodewithYu-123","2025-04-09 09:12:58.188","[51.59533875072212,-0.28703814338096606]","26.11","North_east","BMW","C500","2024",
"12277da4-7c8d-4827-b99c-fef4f780f994","Vehicle-CodewithYu-123","2025-04-09 09:13:48.188","[51.605134432396724,-0.3050577325581683]","18.95","North_east","BMW","C500","2024",
"c2aa53ab-1c14-44f2-97b2-b92f55cb8aa1","Vehicle-CodewithYu-123","2025-04-09 09:14:29.188","[51.61491103810475,-0.3230718648328474]","36.36","North_east","BMW","C500","2024",
"fc8ebf53-f53e-47b4-b29f-07d8799fffc9","Vehicle-CodewithYu-123","2025-04-09 09:15:16.188","[51.62432742956925,-0.3407225824547486]","14.95","North_east","BMW","C500","2024",
"4679e915-222c-4614-ae89-a4168a1515df","Vehicle-CodewithYu-123","2025-04-09 09:15:49.188","[51.634053529653166,-0.3583310066137131]","17.44","North_east","BMW","C500","2024",
"5544c3f1-5bb5-4614-a98e-aae29f34c335","Vehicle-CodewithYu-123","2025-04-09 09:16:26.188","[51.64420116505342,-0.37638614926382447]","18.35","North_east","BMW","C500","2024",
"5a98bfbe-2692-4077-8517-57e6d56922e7","Vehicle-CodewithYu-123","2025-04-09 09:17:19.188","[51.653912743676436,-0.3940451245957878]","11.63","North_east","BMW","C500","2024",
"634c7563-fe52-4fbb-b203-9d3a69ed64ba","Vehicle-CodewithYu-123","2025-04-09 09:18:03.188","[51.66334092597353,-0.4119876365600006]","17.49","North_east","BMW","C500","2024",
"41a8f64f-6882-4342-ad20-53ed2406f180","Vehicle-CodewithYu-123","2025-04-09 09:19:00.188","[51.67303534003148,-0.4296322781420296]","22.03","North_east","BMW","C500","2024",
"a32c2510-bfd4-4a1f-b008-5cb18128c1f8","Vehicle-CodewithYu-123","2025-04-09 09:20:00.188","[51.68247813685676,-0.447461570316535]","11.75","North_east","BMW","C500","2024",
"f4dd03c4-4bf0-47ec-9a69-a2a9d29e599e","Vehicle-CodewithYu-123","2025-04-09 09:20:35.188","[51.69272691576003,-0.46550745885129446]","12.06","North_east","BMW","C500","2024",
"574d17a7-a1d4-4191-b748-a3f514fd7877","Vehicle-CodewithYu-123","2025-04-09 09:21:21.188","[51.70243414067537,-0.4830497865620032]","19.49","North_east","BMW","C500","2024",
"35786faa-8505-424f-b349-983110b784cb","Vehicle-CodewithYu-123","2025-04-09 09:22:09.188","[51.711731456132256,-0.5005546273065101]","39.88","North_east","BMW","C500","2024",
"620eaea1-03fb-4da9-b43f-59e1d0eafec2","Vehicle-CodewithYu-123","2025-04-09 09:10:57.591","[51.51732742679845,-0.14590098924477735]","17.35","North_east","BMW","C500","2024",
"edd46dde-3d3c-415b-bacc-fbcbb18118ad","Vehicle-CodewithYu-123","2025-04-09 09:11:49.591","[51.52717667186139,-0.16331096963185496]","26.35","North_east","BMW","C500","2024",
"03b1174c-fb5a-4525-8d49-142171b2e2d6","Vehicle-CodewithYu-123","2025-04-09 09:12:30.591","[51.53656688213791,-0.1810570423312176]","35.42","North_east","BMW","C500","2024",
"0d415dd8-5c03-4de8-80e1-72dea4cac26b","Vehicle-CodewithYu-123","2025-04-09 09:13:01.591","[51.54643223428317,-0.1984784704950027]","29.84","North_east","BMW","C500","2024",
"346e1b49-61f9-449b-904e-78dbd456b4ef","Vehicle-CodewithYu-123","2025-04-09 09:13:53.591","[51.5560755049834,-0.215934295320625]","38.1","North_east","BMW","C500","2024",
"c8927768-b000-47a6-a6ce-52d95706ab11","Vehicle-CodewithYu-123","2025-04-09 09:14:47.591","[51.56604811923439,-0.23321744340043518]","11.68","North_east","BMW","C500","2024",
"6f6af0b4-7208-497e-ab95-28872dacdfe6","Vehicle-CodewithYu-123","2025-04-09 09:15:46.591","[51.575991557899684,-0.2509478114993745]","29.29","North_east","BMW","C500","2024",
"74a47f6d-b82b-4dd5-bad1-142e19e9c76f","Vehicle-CodewithYu-123","2025-04-09 09:16:19.591","[51.58537046731186,-0.2690266951239498]","14.59","North_east","BMW","C500","2024",
"9275968d-f56a-4007-bdf4-44a56d1184c5","Vehicle-CodewithYu-123","2025-04-09 09:17:17.591","[51.59533875072212,-0.28703814338096606]","26.11","North_east","BMW","C500","2024",
"fbd3f7e9-709d-4a15-b00b-01b71cd1fa4d","Vehicle-CodewithYu-123","2025-04-09 09:18:07.591","[51.605134432396724,-0.3050577325581683]","18.95","North_east","BMW","C500","2024",
"b7c56a15-5260-472f-a9c9-dcb6069095a9","Vehicle-CodewithYu-123","2025-04-09 09:18:48.591","[51.61491103810475,-0.3230718648328474]","36.36","North_east","BMW","C500","2024",
"6105dc8d-1d85-48fa-8edb-0d5aef9f8b74","Vehicle-CodewithYu-123","2025-04-09 09:19:35.591","[51.62432742956925,-0.3407225824547486]","14.95","North_east","BMW","C500","2024",
"eb109e03-6819-43f8-afb6-13fc638a357b","Vehicle-CodewithYu-123","2025-04-09 09:20:08.591","[51.634053529653166,-0.3583310066137131]","17.44","North_east","BMW","C500","2024",
"67e04694-8c40-44eb-b55d-e6692742f5dd","Vehicle-CodewithYu-123","2025-04-09 09:20:45.591","[51.64420116505342,-0.37638614926382447]","18.35","North_east","BMW","C500","2024",
"11056df4-1eb8-459a-893e-d9cafd262524","Vehicle-CodewithYu-123","2025-04-09 09:21:38.591","[51.653912743676436,-0.3940451245957878]","11.63","North_east","BMW","C500","2024",
"0a15e8ff-7c18-498b-9a4f-b9c343c56384","Vehicle-CodewithYu-123","2025-04-09 09:22:22.591","[51.66334092597353,-0.4119876365600006]","17.49","North_east","BMW","C500","2024",
"ca514ace-a462-431c-b37b-5b324cedf569","Vehicle-CodewithYu-123","2025-04-09 09:23:19.591","[51.67303534003148,-0.4296322781420296]","22.03","North_east","BMW","C500","2024",
"d687d544-26c0-46a9-ae2b-10ea36487766","Vehicle-CodewithYu-123","2025-04-09 09:24:19.591","[51.68247813685676,-0.447461570316535]","11.75","North_east","BMW","C500","2024",
"c1b0189d-3b83-4777-94da-d3445dca24dc","Vehicle-CodewithYu-123","2025-04-09 09:24:54.591","[51.69272691576003,-0.46550745885129446]","12.06","North_east","BMW","C500","2024",
"cbdb6f0e-1df6-434f-b095-8eb0230480ba","Vehicle-CodewithYu-123","2025-04-09 09:25:40.591","[51.70243414067537,-0.4830497865620032]","19.49","North_east","BMW","C500","2024",
"3ad0224e-d593-48e4-b3cf-4e4b174b0179","Vehicle-CodewithYu-123","2025-04-09 09:26:28.591","[51.711731456132256,-0.5005546273065101]","39.88","North_east","BMW","C500","2024",
"db551f91-4b55-45a1-9943-efd62b28424d","Vehicle-CodewithYu-123","2025-04-09 09:27:07.591","[51.72145764070526,-0.5181374093442486]","28.35","North_east","BMW","C500","2024",
"e4c408ab-3164-4495-a799-d9fdf1eaaa45","Vehicle-CodewithYu-123","2025-04-09 09:27:54.591","[51.73086106937568,-0.5361563733665392]","14.66","North_east","BMW","C500","2024",
"aa994ad9-50ae-4f73-99c6-a7b5768db00e","Vehicle-CodewithYu-123","2025-04-09 09:28:25.591","[51.740783353822984,-0.553453025277167]","10.11","North_east","BMW","C500","2024",
"e6a3b486-7910-4723-aea4-7317403512cb","Vehicle-CodewithYu-123","2025-04-09 09:28:59.591","[51.751016404762034,-0.5708880056534111]","26.37","North_east","BMW","C500","2024",
"26027d1a-2515-4e94-8370-f81bffce07d5","Vehicle-CodewithYu-123","2025-04-09 09:29:32.591","[51.760514481300376,-0.5887644759141882]","20.61","North_east","BMW","C500","2024",
"03f52975-f99a-4b44-ab26-af6c58e089f4","Vehicle-CodewithYu-123","2025-04-09 09:30:12.591","[51.76982726766227,-0.6061539114424331]","33.47","North_east","BMW","C500","2024",
"c7e1a235-ee27-431d-a1bf-87266f96c81e","Vehicle-CodewithYu-123","2025-04-09 09:30:53.591","[51.7793148404923,-0.6233614595412037]","19.16","North_east","BMW","C500","2024",
"4d1d9fab-aa64-4415-8364-044cc09b51c6","Vehicle-CodewithYu-123","2025-04-09 09:31:49.591","[51.78924432223091,-0.6410877811568436]","26.09","North_east","BMW","C500","2024",
"de4d838a-a16e-498f-90d8-d3c9fa81819b","Vehicle-CodewithYu-123","2025-04-09 09:32:38.591","[51.79926086729156,-0.6589001038426486]","39.53","North_east","BMW","C500","2024",
"d53b054b-ef43-4496-9033-d518e15c102d","Vehicle-CodewithYu-123","2025-04-09 09:33:29.591","[51.80891308876334,-0.6769561300315223]","37.62","North_east","BMW","C500","2024",
"0995a062-aaf5-4160-906a-80fb01b5d616","Vehicle-CodewithYu-123","2025-04-09 09:34:20.591","[51.81875550124101,-0.6948902899385322]","38.21","North_east","BMW","C500","2024",
"395a123b-d106-4c5a-b92a-c229a36ddf21","Vehicle-CodewithYu-123","2025-04-09 09:34:56.591","[51.82850848943126,-0.7125741301392274]","25.34","North_east","BMW","C500","2024",
"d726b05f-3a11-4253-bdd7-3af3b1093973","Vehicle-CodewithYu-123","2025-04-09 09:35:32.591","[51.838469285101816,-0.7304754894732302]","14.42","North_east","BMW","C500","2024",
"be17a259-f3a0-46fa-8374-bde1eae5f0d8","Vehicle-CodewithYu-123","2025-04-09 09:36:24.591","[51.848156937964696,-0.7484539181281389]","10.17","North_east","BMW","C500","2024",
"2e6375ad-4f86-4320-a52c-0022cdb7605b","Vehicle-CodewithYu-123","2025-04-09 09:36:57.591","[51.85800234375873,-0.7656624481136834]","23.69","North_east","BMW","C500","2024",
"96d7ea36-d415-4ba5-b187-1b4457ac3ed6","Vehicle-CodewithYu-123","2025-04-09 09:37:55.591","[51.86812091292845,-0.7832405761630726]","14.77","North_east","BMW","C500","2024",
"1219493c-f729-491c-80c2-58bf252f5120","Vehicle-CodewithYu-123","2025-04-09 09:38:32.591","[51.877848785521714,-0.8006530313004616]","18.15","North_east","BMW","C500","2024",
"ab312802-d479-4309-a19e-29a85726fc09","Vehicle-CodewithYu-123","2025-04-09 09:39:03.591","[51.887467666912755,-0.8183131069971105]","16.21","North_east","BMW","C500","2024",
"8cefc1c7-dd5d-4b37-b525-068012b46945","Vehicle-CodewithYu-123","2025-04-09 09:40:03.591","[51.89750914203781,-0.8355856590465414]","35.07","North_east","BMW","C500","2024",
"604ebb6e-f846-408d-985c-dbaff04bf5d6","Vehicle-CodewithYu-123","2025-04-09 09:40:52.591","[51.907637647700874,-0.8527921174258725]","26.02","North_east","BMW","C500","2024",
"1d80ff9f-b14a-4428-a96e-8b970c2fc545","Vehicle-CodewithYu-123","2025-04-09 09:41:32.591","[51.917253000367815,-0.870463418100856]","32.84","North_east","BMW","C500","2024",
"5fd20a39-b56e-4881-874b-75cf04786414","Vehicle-CodewithYu-123","2025-04-09 09:42:22.591","[51.92719114446106,-0.8878081850512451]","11.21","North_east","BMW","C500","2024",
"80669f10-c9dc-4286-8ed2-3a67d46ed05a","Vehicle-CodewithYu-123","2025-04-09 09:42:57.591","[51.93717860943231,-0.905167286952889]","28.18","North_east","BMW","C500","2024",
"5669cf77-929f-448c-a438-a0db1989ca2a","Vehicle-CodewithYu-123","2025-04-09 09:43:45.591","[51.94740808003085,-0.9230949571757973]","30.72","North_east","BMW","C500","2024",
"8c7b2462-f6a1-4b4b-a842-0b5b79340b3f","Vehicle-CodewithYu-123","2025-04-09 09:44:17.591","[51.95722882527616,-0.9405594358351099]","25.18","North_east","BMW","C500","2024",
"9ada7e53-e294-471e-b263-f0225bef9675","Vehicle-CodewithYu-123","2025-04-09 09:45:07.591","[51.966692962237246,-0.9581636890881715]","18.1","North_east","BMW","C500","2024",
"bfa5b8a8-1e1c-4c73-a6c0-9faab4375501","Vehicle-CodewithYu-123","2025-04-09 09:46:01.591","[51.97625989048644,-0.9758388870879777]","23.94","North_east","BMW","C500","2024",
"603b4c69-d250-417b-b05a-69735f9a50c3","Vehicle-CodewithYu-123","2025-04-09 09:46:59.591","[51.98582754897448,-0.9933687320800403]","18.29","North_east","BMW","C500","2024",
"9c42460a-8ba5-4752-a6c8-c328d8dbda00","Vehicle-CodewithYu-123","2025-04-09 09:47:38.591","[51.995563723524064,-1.0114774888206919]","16.65","North_east","BMW","C500","2024",
"010ed35e-1267-42fa-bdcd-62b775516cc1","Vehicle-CodewithYu-123","2025-04-09 09:48:16.591","[52.00555457846625,-1.0293325723937157]","16.92","North_east","BMW","C500","2024",
"d0428995-a037-4778-aadf-c90242042c2a","Vehicle-CodewithYu-123","2025-04-09 09:48:55.591","[52.01582308909671,-1.0466259440303884]","16.82","North_east","BMW","C500","2024",
"20d50877-3a6e-498f-8977-cd44cf802ea5","Vehicle-CodewithYu-123","2025-04-09 09:49:34.591","[52.025213676743505,-1.064739678627013]","24.08","North_east","BMW","C500","2024",
"912efd2c-64fe-406f-95c6-c1d876d86b97","Vehicle-CodewithYu-123","2025-04-09 09:50:08.591","[52.035078697899976,-1.0821792276087567]","14.48","North_east","BMW","C500","2024",
"1ea1b8e3-3e95-47e6-9200-c83e6e53e840","Vehicle-CodewithYu-123","2025-04-09 09:51:05.591","[52.04481721236487,-1.0998625066047374]","27.66","North_east","BMW","C500","2024",
"648f40cf-65cf-44b4-b7d5-c936ff0571df","Vehicle-CodewithYu-123","2025-04-09 09:51:40.591","[52.05476564050206,-1.1178314495113564]","26.56","North_east","BMW","C500","2024",
"bf5e0e3b-0364-4713-93d6-958e8eea8396","Vehicle-CodewithYu-123","2025-04-09 09:52:35.591","[52.06474102542213,-1.1350335384668737]","33.74","North_east","BMW","C500","2024",
"3a18bd7f-6a23-4dc6-889f-a6ca810ca3b8","Vehicle-CodewithYu-123","2025-04-09 09:53:24.591","[52.074088663461644,-1.1523669099006413]","32.47","North_east","BMW","C500","2024",
"1776896a-967f-4e10-b67c-fdd54432e506","Vehicle-CodewithYu-123","2025-04-09 09:54:22.591","[52.08381442232522,-1.1698948732386]","22.96","North_east","BMW","C500","2024",
"92a976d3-f993-47f8-b752-67ed8d78e2fd","Vehicle-CodewithYu-123","2025-04-09 09:54:57.591","[52.093678669309824,-1.1872577642344282]","24.12","North_east","BMW","C500","2024",
"8f31e48a-b5df-4243-9fe8-c27af03d22a6","Vehicle-CodewithYu-123","2025-04-09 09:55:30.591","[52.10337501740325,-1.2050627059784715]","35.73","North_east","BMW","C500","2024",
"34ab6049-8807-43ea-b1e5-f8c4dd8e33f6","Vehicle-CodewithYu-123","2025-04-09 09:56:24.591","[52.1129154162542,-1.2230727843770406]","22.13","North_east","BMW","C500","2024",
"385f80cd-5b5a-458a-87da-408f79e60413","Vehicle-CodewithYu-123","2025-04-09 09:57:23.591","[52.12240697449255,-1.2406495647379552]","18.64","North_east","BMW","C500","2024",
"5af9cd00-7322-4104-a847-d98608522c94","Vehicle-CodewithYu-123","2025-04-09 09:58:19.591","[52.1322472259016,-1.2586823555366735]","37.39","North_east","BMW","C500","2024",
"bcec7061-d53a-492e-88d0-7b16d07222d9","Vehicle-CodewithYu-123","2025-04-09 09:59:01.591","[52.14177895680768,-1.276257090459793]","15.72","North_east","BMW","C500","2024",
"8878df55-c497-4b22-b9bb-4a7bb9f5e114","Vehicle-CodewithYu-123","2025-04-09 09:59:40.591","[52.151887506280865,-1.29410025147651]","35.12","North_east","BMW","C500","2024",
"712731a3-fecc-4954-8183-ae4399946f77","Vehicle-CodewithYu-123","2025-04-09 10:00:32.591","[52.16210835853658,-1.311356649793276]","17.16","North_east","BMW","C500","2024",
"bd4dca10-ea9d-4a7c-8102-860b647a1fa2","Vehicle-CodewithYu-123","2025-04-09 10:01:18.591","[52.171891687186196,-1.3294456301819304]","38.96","North_east","BMW","C500","2024",
"253783b5-3714-4b9d-a52d-724cdadf5a52","Vehicle-CodewithYu-123","2025-04-09 10:01:58.591","[52.18164917778718,-1.346602426551356]","28.7","North_east","BMW","C500","2024",
"dd2ad7a9-7743-4628-b874-7cb928160775","Vehicle-CodewithYu-123","2025-04-09 10:02:49.591","[52.191554637248785,-1.364493656308254]","37.63","North_east","BMW","C500","2024",
"64b091fd-86b8-4873-bc51-4d05b05c8f0e","Vehicle-CodewithYu-123","2025-04-09 10:03:44.591","[52.201746061310836,-1.3825736653395766]","11.68","North_east","BMW","C500","2024",
"4e01be78-a7a7-4310-a6d5-67dc00417b7b","Vehicle-CodewithYu-123","2025-04-09 10:04:43.591","[52.21165377167937,-1.40045883554772]","27.49","North_east","BMW","C500","2024",
"e162112a-5472-45f7-998b-4083a58efd9c","Vehicle-CodewithYu-123","2025-04-09 10:05:31.591","[52.221015633579654,-1.4176395999127853]","18.97","North_east","BMW","C500","2024",
"14b421fd-c78d-49a8-a6d4-25cfac82ae4e","Vehicle-CodewithYu-123","2025-04-09 10:06:23.591","[52.230875556272004,-1.4351907879826067]","18.86","North_east","BMW","C500","2024",
"c4ebc599-886e-44a9-b577-3fc8f2153033","Vehicle-CodewithYu-123","2025-04-09 10:07:17.591","[52.24099639517168,-1.4524138530641568]","33.97","North_east","BMW","C500","2024",
"c588f076-2869-4732-972a-eeacd700e999","Vehicle-CodewithYu-123","2025-04-09 10:07:56.591","[52.25118779887575,-1.4698935124552661]","33.66","North_east","BMW","C500","2024",
"18b311a5-2573-4761-9a1a-8d48fe0c6c63","Vehicle-CodewithYu-123","2025-04-09 10:08:52.591","[52.26100665124945,-1.4871060254807844]","14.94","North_east","BMW","C500","2024",
"ef8b95c3-c103-42ed-a002-21f92f3b30ff","Vehicle-CodewithYu-123","2025-04-09 10:09:34.591","[52.27115479184635,-1.5045078087687087]","39.02","North_east","BMW","C500","2024",
"0d027446-d0f0-43fb-b6a9-2d50ca5c3d9e","Vehicle-CodewithYu-123","2025-04-09 10:10:07.591","[52.28126520914758,-1.521693516876929]","30.25","North_east","BMW","C500","2024",
"5bcd24bb-7692-465f-a122-35ea933d26ff","Vehicle-CodewithYu-123","2025-04-09 10:10:38.591","[52.290669885084306,-1.5397741700659155]","19.13","North_east","BMW","C500","2024",
"7f9d6231-7746-48e1-ba37-698a1a60a876","Vehicle-CodewithYu-123","2025-04-09 10:11:36.591","[52.30054522542986,-1.5571735709153582]","22.45","North_east","BMW","C500","2024",
"5498e947-65fc-48d4-be43-f72a28eb8f0a","Vehicle-CodewithYu-123","2025-04-09 10:12:27.591","[52.31068867562316,-1.5752002162907521]","21.02","North_east","BMW","C500","2024",
"bdb32afb-b7ba-45e5-8b65-82c78eabf3a2","Vehicle-CodewithYu-123","2025-04-09 10:13:16.591","[52.32063944436123,-1.592684511823519]","39.13","North_east","BMW","C500","2024",
"81fa8d5d-71b3-4e8d-a192-0729c00d134a","Vehicle-CodewithYu-123","2025-04-09 10:14:10.591","[52.33074049734235,-1.6105775131444728]","14.43","North_east","BMW","C500","2024",
"3dce0b28-8d3d-48f9-8c04-6c6d94184158","Vehicle-CodewithYu-123","2025-04-09 10:14:47.591","[52.34004335766958,-1.627913528480238]","27.67","North_east","BMW","C500","2024",
"f929e9c5-65cc-4eb4-8ce7-7a408e5a7383","Vehicle-CodewithYu-123","2025-04-09 10:15:36.591","[52.349783363089486,-1.6458179787238196]","11.3","North_east","BMW","C500","2024",
"992a5a1f-9904-43da-b61a-0042fb49b05e","Vehicle-CodewithYu-123","2025-04-09 10:16:35.591","[52.35975746058555,-1.6634537098696753]","23.31","North_east","BMW","C500","2024",
"6242c3b6-88f0-4cc5-893b-430bb03646ba","Vehicle-CodewithYu-123","2025-04-09 10:17:19.591","[52.37004008834141,-1.681049153032244]","25.17","North_east","BMW","C500","2024",
"f497d4b2-25cf-494e-acc8-94ddcfb2821b","Vehicle-CodewithYu-123","2025-04-09 10:17:59.591","[52.37977964325738,-1.6989466594578793]","34.82","North_east","BMW","C500","2024",
"e1bc66ae-f9a0-4fa1-a37a-24063794f42a","Vehicle-CodewithYu-123","2025-04-09 10:18:42.591","[52.38915886804575,-1.7169872951005476]","12.9","North_east","BMW","C500","2024",
"03d21210-9e46-4a91-b804-8d0587116318","Vehicle-CodewithYu-123","2025-04-09 10:19:42.591","[52.399314960194616,-1.7343922344218015]","18.63","North_east","BMW","C500","2024",
"f70706ff-0ab2-434a-8409-7a3938b33996","Vehicle-CodewithYu-123","2025-04-09 10:20:19.591","[52.40871784550815,-1.7522396662093065]","34.22","North_east","BMW","C500","2024",
"585d1928-2443-4692-b7c4-1a88e68add6a","Vehicle-CodewithYu-123","2025-04-09 10:20:54.591","[52.418927383029185,-1.7700146427885695]","36.1","North_east","BMW","C500","2024",
"26363384-dd7a-4eff-9252-1098b3f876dc","Vehicle-CodewithYu-123","2025-04-09 10:21:33.591","[52.42866902881986,-1.7879832335127244]","31.65","North_east","BMW","C500","2024",
"ef5e4fd6-8556-4c76-946a-5215a52d82a0","Vehicle-CodewithYu-123","2025-04-09 10:22:22.591","[52.43840014179419,-1.8056852187396113]","23.26","North_east","BMW","C500","2024",
"3a2740f6-134a-400d-9244-75f58911e91b","Vehicle-CodewithYu-123","2025-04-09 10:23:11.591","[52.447733559156795,-1.8234159553435236]","11.64","North_east","BMW","C500","2024",
"fec76748-249c-4f8a-897b-079547c02678","Vehicle-CodewithYu-123","2025-04-09 10:23:48.591","[52.45715074485855,-1.841009372995656]","25.01","North_east","BMW","C500","2024",
"a6909efb-ea42-4cf4-a956-595857061e95","Vehicle-CodewithYu-123","2025-04-09 10:24:40.591","[52.46701450401929,-1.85856197331477]","29.2","North_east","BMW","C500","2024",
"35490d5b-acd3-457a-9fe3-18963116ac83","Vehicle-CodewithYu-123","2025-04-09 10:25:23.591","[52.47673921579886,-1.8765821101813744]","27.67","North_east","BMW","C500","2024",
"fb5416e9-23ed-40ea-8b03-2a45bec9b4b9","Vehicle-CodewithYu-123","2025-04-09 10:45:11.719","[52.32063944436123,-1.592684511823519]","39.13","North_east","BMW","C500","2024",
"4e2405b0-a9fe-422e-9d69-27ea7ea96613","Vehicle-CodewithYu-123","2025-04-09 09:59:30.940","[51.56604811923439,-0.23321744340043518]","11.68","North_east","BMW","C500","2024",
"f0a1b16e-02c2-407a-a1cf-b9f7bb719567","Vehicle-CodewithYu-123","2025-04-09 10:02:54.905","[51.67303534003148,-0.4296322781420296]","22.03","North_east","BMW","C500","2024",
"31fc6c92-9617-4bdf-88d2-569162d7c59a","Vehicle-CodewithYu-123","2025-04-09 10:03:54.905","[51.68247813685676,-0.447461570316535]","11.75","North_east","BMW","C500","2024",
"a90c8aa1-e92e-4d1e-a1b1-3afe3839eaf1","Vehicle-CodewithYu-123","2025-04-09 10:39:51.719","[52.25118779887575,-1.4698935124552661]","33.66","North_east","BMW","C500","2024",
"6316b343-9322-46cb-9237-60e99e5cfbec","Vehicle-CodewithYu-123","2025-04-09 10:48:30.719","[52.35975746058555,-1.6634537098696753]","23.31","North_east","BMW","C500","2024",
"886927e0-e1db-4f72-8afa-ef9a5ef3d925","Vehicle-CodewithYu-123","2025-04-09 10:20:27.905","[51.907637647700874,-0.8527921174258725]","26.02","North_east","BMW","C500","2024",
"791bbdab-790c-446a-ac2b-ff8dec6bfaab","Vehicle-CodewithYu-123","2025-04-09 10:06:15.719","[51.81875550124101,-0.6948902899385322]","38.21","North_east","BMW","C500","2024",
"4f482d1f-f179-4cc4-9ca3-f6a309aff432","Vehicle-CodewithYu-123","2025-04-09 09:44:56.719","[51.54643223428317,-0.1984784704950027]","29.84","North_east","BMW","C500","2024",
"8f6f9558-a6af-452b-838b-12c0a89dd074","Vehicle-CodewithYu-123","2025-04-09 09:45:48.719","[51.5560755049834,-0.215934295320625]","38.1","North_east","BMW","C500","2024",
"8e6b30fd-be83-491e-9f6d-232a067f6b55","Vehicle-CodewithYu-123","2025-04-09 10:00:29.940","[51.575991557899684,-0.2509478114993745]","29.29","North_east","BMW","C500","2024",
"bfa69503-6d81-4046-adbf-4584d5eae35d","Vehicle-CodewithYu-123","2025-04-09 10:01:02.940","[51.58537046731186,-0.2690266951239498]","14.59","North_east","BMW","C500","2024",
"eb84369a-791f-45e5-afd8-84cbc5008a63","Vehicle-CodewithYu-123","2025-04-09 10:21:07.905","[51.917253000367815,-0.870463418100856]","32.84","North_east","BMW","C500","2024",
"aa270260-7690-48f1-881e-e450a1237813","Vehicle-CodewithYu-123","2025-04-09 10:21:57.905","[51.92719114446106,-0.8878081850512451]","11.21","North_east","BMW","C500","2024",
"b67d5951-e6c8-4e82-bfee-583e29e6474b","Vehicle-CodewithYu-123","2025-04-09 10:08:19.719","[51.848156937964696,-0.7484539181281389]","10.17","North_east","BMW","C500","2024",
"3ed677c4-c7aa-4d64-993f-58a8967a530b","Vehicle-CodewithYu-123","2025-04-09 10:08:52.719","[51.85800234375873,-0.7656624481136834]","23.69","North_east","BMW","C500","2024",
"bdfe9503-8954-44f9-845a-841a2864f3ce","Vehicle-CodewithYu-123","2025-04-09 10:07:05.940","[51.66334092597353,-0.4119876365600006]","17.49","North_east","BMW","C500","2024",
"387a917f-7b46-43f8-9003-6eef39c21189","Vehicle-CodewithYu-123","2025-04-09 10:50:37.719","[52.38915886804575,-1.7169872951005476]","12.9","North_east","BMW","C500","2024",
"21c54218-cda6-45d1-87b5-104baf9da013","Vehicle-CodewithYu-123","2025-04-09 09:47:41.719","[51.575991557899684,-0.2509478114993745]","29.29","North_east","BMW","C500","2024",
"acf69917-a259-446e-b20b-a666f00c90d6","Vehicle-CodewithYu-123","2025-04-09 09:48:14.719","[51.58537046731186,-0.2690266951239498]","14.59","North_east","BMW","C500","2024",
"a34e36f5-ae20-42a8-ba15-feba550614e1","Vehicle-CodewithYu-123","2025-04-09 10:06:03.905","[51.711731456132256,-0.5005546273065101]","39.88","North_east","BMW","C500","2024",
"ccfd62e7-a608-45e2-8799-fde65f848423","Vehicle-CodewithYu-123","2025-04-09 10:28:19.719","[52.1129154162542,-1.2230727843770406]","22.13","North_east","BMW","C500","2024",
"5513365f-8e35-4785-9b07-9da548706071","Vehicle-CodewithYu-123","2025-04-09 10:36:38.719","[52.21165377167937,-1.40045883554772]","27.49","North_east","BMW","C500","2024",
"b97d612d-b918-4da4-b3c1-56319cab6c89","Vehicle-CodewithYu-123","2025-04-09 10:15:07.905","[51.838469285101816,-0.7304754894732302]","14.42","North_east","BMW","C500","2024",
"1fd0e101-5b7c-45c7-969e-c1780e7592c9","Vehicle-CodewithYu-123","2025-04-09 09:56:32.940","[51.52717667186139,-0.16331096963185496]","26.35","North_east","BMW","C500","2024",
"e3b473d1-bf12-4d1c-99a7-dfec20b62676","Vehicle-CodewithYu-123","2025-04-09 10:15:59.905","[51.848156937964696,-0.7484539181281389]","10.17","North_east","BMW","C500","2024",
"a1a747e7-7ca5-4000-93d3-d67326b7698e","Vehicle-CodewithYu-123","2025-04-09 09:49:03.566","[51.605134432396724,-0.3050577325581683]","18.95","North_east","BMW","C500","2024",
"149660c2-48d8-474e-ada0-ed25e15afafc","Vehicle-CodewithYu-123","2025-04-09 09:59:49.719","[51.73086106937568,-0.5361563733665392]","14.66","North_east","BMW","C500","2024",
"4db68006-7f2f-4502-8eae-af700400c04b","Vehicle-CodewithYu-123","2025-04-09 09:49:44.566","[51.61491103810475,-0.3230718648328474]","36.36","North_east","BMW","C500","2024",
"f1f78550-8972-4b24-8d82-27323edfcb05","Vehicle-CodewithYu-123","2025-04-09 10:00:20.719","[51.740783353822984,-0.553453025277167]","10.11","North_east","BMW","C500","2024",
"b04eef1b-8946-48e4-9be4-7730dd215b3f","Vehicle-CodewithYu-123","2025-04-09 10:08:00.905","[51.740783353822984,-0.553453025277167]","10.11","North_east","BMW","C500","2024",
"e561e745-8c4d-4bc3-a910-4ee2aea8fc19","Vehicle-CodewithYu-123","2025-04-09 09:46:42.566","[51.575991557899684,-0.2509478114993745]","29.29","North_east","BMW","C500","2024",
"0f36fe20-da1a-44be-9115-1ac2665183fe","Vehicle-CodewithYu-123","2025-04-09 09:47:15.566","[51.58537046731186,-0.2690266951239498]","14.59","North_east","BMW","C500","2024",
"1641ef29-c3fb-4cab-bca2-959ad205e6b7","Vehicle-CodewithYu-123","2025-04-09 09:55:40.940","[51.51732742679845,-0.14590098924477735]","17.35","North_east","BMW","C500","2024",
"ddec741a-64e4-439e-9837-88227d2e612c","Vehicle-CodewithYu-123","2025-04-09 09:53:28.905","[51.5560755049834,-0.215934295320625]","38.1","North_east","BMW","C500","2024",
"6ed3588f-b740-4979-965e-c7ad49ffb322","Vehicle-CodewithYu-123","2025-04-09 09:54:22.905","[51.56604811923439,-0.23321744340043518]","11.68","North_east","BMW","C500","2024",
"1aecbbf2-c021-4009-9b03-a69303cef18a","Vehicle-CodewithYu-123","2025-04-09 09:51:30.719","[51.62432742956925,-0.3407225824547486]","14.95","North_east","BMW","C500","2024",
"0cf43d85-d5a1-471e-96c3-266d80e03165","Vehicle-CodewithYu-123","2025-04-09 10:16:32.905","[51.85800234375873,-0.7656624481136834]","23.69","North_east","BMW","C500","2024",
"c86ed061-c2c4-440d-ae4b-43ecf0ea129f","Vehicle-CodewithYu-123","2025-04-09 10:17:56.719","[51.97625989048644,-0.9758388870879777]","23.94","North_east","BMW","C500","2024",
"28f9c9ea-8507-4c5a-8057-0296fcdea757","Vehicle-CodewithYu-123","2025-04-09 10:18:54.719","[51.98582754897448,-0.9933687320800403]","18.29","North_east","BMW","C500","2024",
"d701edb8-03d9-4137-a411-6e083f5adb13","Vehicle-CodewithYu-123","2025-04-09 09:53:33.719","[51.653912743676436,-0.3940451245957878]","11.63","North_east","BMW","C500","2024",
"f91a881d-02a3-4ddf-aa07-c7e5dfa9eee9","Vehicle-CodewithYu-123","2025-04-09 09:54:17.719","[51.66334092597353,-0.4119876365600006]","17.49","North_east","BMW","C500","2024",
"ba7a7a9e-9e71-4a3f-8631-494ad65346ff","Vehicle-CodewithYu-123","2025-04-09 10:11:24.905","[51.78924432223091,-0.6410877811568436]","26.09","North_east","BMW","C500","2024",
"560a5143-8e96-4540-abb9-7228ba88e960","Vehicle-CodewithYu-123","2025-04-09 10:10:27.719","[51.877848785521714,-0.8006530313004616]","18.15","North_east","BMW","C500","2024",
"d5ba28a1-0036-41a7-81cc-3823753e93fd","Vehicle-CodewithYu-123","2025-04-09 10:10:58.719","[51.887467666912755,-0.8183131069971105]","16.21","North_east","BMW","C500","2024",
"cf006b22-b9cc-4ec5-82e7-0366405c0b4f","Vehicle-CodewithYu-123","2025-04-09 10:31:15.905","[52.05476564050206,-1.1178314495113564]","26.56","North_east","BMW","C500","2024",
"3ee3338a-4552-4dde-a5fe-a48807b83a2b","Vehicle-CodewithYu-123","2025-04-09 10:06:42.905","[51.72145764070526,-0.5181374093442486]","28.35","North_east","BMW","C500","2024",
"cdb4c8ab-9d2a-4489-9dc3-e443b41e97ab","Vehicle-CodewithYu-123","2025-04-09 10:07:29.905","[51.73086106937568,-0.5361563733665392]","14.66","North_east","BMW","C500","2024",
"69f3f8d7-1f05-4e48-ba09-d400a77bf4bf","Vehicle-CodewithYu-123","2025-04-09 10:14:52.719","[51.93717860943231,-0.905167286952889]","28.18","North_east","BMW","C500","2024",
"5149dc74-4f8c-456a-994b-17aaa626f4cd","Vehicle-CodewithYu-123","2025-04-09 09:55:14.719","[51.67303534003148,-0.4296322781420296]","22.03","North_east","BMW","C500","2024",
"9baae7f5-7e93-40ac-9020-0a03e390c5e8","Vehicle-CodewithYu-123","2025-04-09 09:46:42.719","[51.56604811923439,-0.23321744340043518]","11.68","North_east","BMW","C500","2024",
"5f88b2dd-e7d9-490b-9ed0-ab997da29b7b","Vehicle-CodewithYu-123","2025-04-09 09:41:53.566","[51.51732742679845,-0.14590098924477735]","17.35","North_east","BMW","C500","2024",
"51f98a76-f9ac-4ecf-8a9d-ed5fb85e4fa1","Vehicle-CodewithYu-123","2025-04-09 09:42:45.566","[51.52717667186139,-0.16331096963185496]","26.35","North_east","BMW","C500","2024",
"f17d4b02-3b31-45d8-a48f-d2f659c71cee","Vehicle-CodewithYu-123","2025-04-09 09:43:26.566","[51.53656688213791,-0.1810570423312176]","35.42","North_east","BMW","C500","2024",
"360fe1a2-cb57-43c8-afb4-0018a23f0576","Vehicle-CodewithYu-123","2025-04-09 10:33:53.719","[52.18164917778718,-1.346602426551356]","28.7","North_east","BMW","C500","2024",
"235131ac-c920-4893-8421-6a1e422bba54","Vehicle-CodewithYu-123","2025-04-09 09:58:23.905","[51.61491103810475,-0.3230718648328474]","36.36","North_east","BMW","C500","2024",
"6ee36c2e-9a0a-405b-91f2-8f2d0b2740e1","Vehicle-CodewithYu-123","2025-04-09 10:37:26.719","[52.221015633579654,-1.4176395999127853]","18.97","North_east","BMW","C500","2024",
"821be938-5eb5-4466-89ac-3504952e35dc","Vehicle-CodewithYu-123","2025-04-09 10:17:02.719","[51.966692962237246,-0.9581636890881715]","18.1","North_east","BMW","C500","2024",
"ea119f99-30af-4dca-88be-3abc4ce7e2f0","Vehicle-CodewithYu-123","2025-04-09 10:34:32.905","[52.093678669309824,-1.1872577642344282]","24.12","North_east","BMW","C500","2024",
"dd412e2b-f2ae-464d-8635-2844307bd48d","Vehicle-CodewithYu-123","2025-04-09 10:35:05.905","[52.10337501740325,-1.2050627059784715]","35.73","North_east","BMW","C500","2024",
"9e1853dc-2a78-4057-b49d-49ae5a896939","Vehicle-CodewithYu-123","2025-04-09 10:47:31.719","[52.349783363089486,-1.6458179787238196]","11.3","North_east","BMW","C500","2024",
"720258f1-a845-4fca-949e-334733ff20a9","Vehicle-CodewithYu-123","2025-04-09 09:55:21.905","[51.575991557899684,-0.2509478114993745]","29.29","North_east","BMW","C500","2024",
"9d7939b1-4ae0-482c-aa75-5aac9db658d0","Vehicle-CodewithYu-123","2025-04-09 10:23:52.905","[51.95722882527616,-0.9405594358351099]","25.18","North_east","BMW","C500","2024",
"2e152398-8955-479d-a31f-7173ea51b969","Vehicle-CodewithYu-123","2025-04-09 10:23:35.719","[52.05476564050206,-1.1178314495113564]","26.56","North_east","BMW","C500","2024",
"90234953-dc1a-49d9-a7a9-07fe28dda03d","Vehicle-CodewithYu-123","2025-04-09 09:48:13.566","[51.59533875072212,-0.28703814338096606]","26.11","North_east","BMW","C500","2024",
"c53aeb15-432b-46a1-bb5a-b0d19dd78755","Vehicle-CodewithYu-123","2025-04-09 10:24:30.719","[52.06474102542213,-1.1350335384668737]","33.74","North_east","BMW","C500","2024",
"937b3e18-e82e-46b0-884c-2060cdd9776d","Vehicle-CodewithYu-123","2025-04-09 10:26:17.719","[52.08381442232522,-1.1698948732386]","22.96","North_east","BMW","C500","2024",
"185b7f15-9c53-46d9-a0c7-7cfd89114dac","Vehicle-CodewithYu-123","2025-04-09 09:59:10.905","[51.62432742956925,-0.3407225824547486]","14.95","North_east","BMW","C500","2024",
"5d836da5-c394-4d44-b475-75bba5d0ecd2","Vehicle-CodewithYu-123","2025-04-09 10:05:24.719","[51.80891308876334,-0.6769561300315223]","37.62","North_east","BMW","C500","2024",
"0e2d636b-2aa1-460a-b55e-95d0f2d8b02d","Vehicle-CodewithYu-123","2025-04-09 10:17:30.905","[51.86812091292845,-0.7832405761630726]","14.77","North_east","BMW","C500","2024",
"cfcf865f-8f5c-454c-9120-2bde7f05a080","Vehicle-CodewithYu-123","2025-04-09 10:18:07.905","[51.877848785521714,-0.8006530313004616]","18.15","North_east","BMW","C500","2024",
"908920ad-547d-4992-aa29-3960e3f8dffa","Vehicle-CodewithYu-123","2025-04-09 09:43:57.566","[51.54643223428317,-0.1984784704950027]","29.84","North_east","BMW","C500","2024",
"a72ba023-b536-4f63-b5f1-1565a2d47087","Vehicle-CodewithYu-123","2025-04-09 09:44:49.566","[51.5560755049834,-0.215934295320625]","38.1","North_east","BMW","C500","2024",
"60b389e8-e2fe-4abf-a765-3c4a2d2fcbde","Vehicle-CodewithYu-123","2025-04-09 09:57:35.719","[51.70243414067537,-0.4830497865620032]","19.49","North_east","BMW","C500","2024",
"58f6397c-6bab-4f40-8eec-a0323b7801cd","Vehicle-CodewithYu-123","2025-04-09 10:31:35.719","[52.151887506280865,-1.29410025147651]","35.12","North_east","BMW","C500","2024",
"0223f13b-1a8b-4e24-816f-2d8fc00e32db","Vehicle-CodewithYu-123","2025-04-09 10:23:00.719","[52.04481721236487,-1.0998625066047374]","27.66","North_east","BMW","C500","2024",
"3d710f56-3a00-4224-a2fd-0e24657c35f7","Vehicle-CodewithYu-123","2025-04-09 09:50:02.719","[51.605134432396724,-0.3050577325581683]","18.95","North_east","BMW","C500","2024",
"685b5e18-c8ed-4d3a-9304-5ea06efccdc5","Vehicle-CodewithYu-123","2025-04-09 09:50:43.719","[51.61491103810475,-0.3230718648328474]","36.36","North_east","BMW","C500","2024",
"460b3fd6-0a1c-47a5-adde-cb6cd49f81c9","Vehicle-CodewithYu-123","2025-04-09 10:20:50.719","[52.01582308909671,-1.0466259440303884]","16.82","North_east","BMW","C500","2024",
"4136402a-ff17-4958-93aa-a25bd2457ea0","Vehicle-CodewithYu-123","2025-04-09 10:21:29.719","[52.025213676743505,-1.064739678627013]","24.08","North_east","BMW","C500","2024",
"29b89c3c-b363-4c1a-9fc2-d375870b175c","Vehicle-CodewithYu-123","2025-04-09 10:26:34.905","[51.98582754897448,-0.9933687320800403]","18.29","North_east","BMW","C500","2024",
"5609fc28-5d9e-47f9-a489-430ce65adfdc","Vehicle-CodewithYu-123","2025-04-09 10:27:13.905","[51.995563723524064,-1.0114774888206919]","16.65","North_east","BMW","C500","2024",
"55c9422e-88d1-4845-b2d0-87d034fd8d41","Vehicle-CodewithYu-123","2025-04-09 10:34:44.719","[52.191554637248785,-1.364493656308254]","37.63","North_east","BMW","C500","2024",
"4bdf27f0-5cf6-4089-8c18-95d3c429885c","Vehicle-CodewithYu-123","2025-04-09 10:35:39.719","[52.201746061310836,-1.3825736653395766]","11.68","North_east","BMW","C500","2024",
"27561a66-69ab-4d7c-a92c-73cf3c46b389","Vehicle-CodewithYu-123","2025-04-09 10:13:27.719","[51.917253000367815,-0.870463418100856]","32.84","North_east","BMW","C500","2024",
"7a847812-2ccc-47c7-a8a8-1d76c45880dc","Vehicle-CodewithYu-123","2025-04-09 10:14:17.719","[51.92719114446106,-0.8878081850512451]","11.21","North_east","BMW","C500","2024",
"b0c04b60-2fc2-463b-8d26-000c79f607b9","Vehicle-CodewithYu-123","2025-04-09 10:18:38.905","[51.887467666912755,-0.8183131069971105]","16.21","North_east","BMW","C500","2024",
"73fdca21-8e0e-4bfc-a0c6-f8e98a246948","Vehicle-CodewithYu-123","2025-04-09 10:19:38.905","[51.89750914203781,-0.8355856590465414]","35.07","North_east","BMW","C500","2024",
"d36bedbd-4992-4f91-834d-573604c4198f","Vehicle-CodewithYu-123","2025-04-09 10:46:05.719","[52.33074049734235,-1.6105775131444728]","14.43","North_east","BMW","C500","2024",
"0840db70-2a97-4494-b394-dcfeb5236923","Vehicle-CodewithYu-123","2025-04-09 10:46:42.719","[52.34004335766958,-1.627913528480238]","27.67","North_east","BMW","C500","2024",
"36678e27-c5a8-428f-9dd7-9626c3ed8abb","Vehicle-CodewithYu-123","2025-04-09 10:09:50.719","[51.86812091292845,-0.7832405761630726]","14.77","North_east","BMW","C500","2024",
"0b28070d-4625-43b1-b58a-3e5fc1f7a54e","Vehicle-CodewithYu-123","2025-04-09 10:04:51.940","[51.634053529653166,-0.3583310066137131]","17.44","North_east","BMW","C500","2024",
"3a8ecd64-93a4-48c2-b497-3400a8bff612","Vehicle-CodewithYu-123","2025-04-09 10:05:28.940","[51.64420116505342,-0.37638614926382447]","18.35","North_east","BMW","C500","2024",
