"id","deviceid","location","timestamp","temperature","weathercondition","precipitation","windspeed","humidity","airqualityindex"
"152ed223-373d-4136-b885-b699e2ba06c4","Vehicle-CodewithYu-123","[52.06474102542213,-1.1350335384668737]","2025-04-09 10:24:30.719","19.92","Cloudy","10.63","54.46",,"454.0"
"62b8452f-7fa4-4ad8-8a87-ebcc1a495dd9","Vehicle-CodewithYu-123","[51.58537046731186,-0.2690266951239498]","2025-04-09 09:47:15.566","16.09","Sunny","9.62","59.59",,"125.0"
"0887be91-7e4a-4fd4-a557-21642aa22120","Vehicle-CodewithYu-123","[52.10337501740325,-1.2050627059784715]","2025-04-09 10:27:25.719","16.5","Rain","16.56","40.05",,"18.0"
"c2fa5623-4644-449a-959e-30d644b6ec19","Vehicle-CodewithYu-123","[52.34004335766958,-1.627913528480238]","2025-04-09 10:46:42.719","3.23","Cloudy","18.54","52.61",,"238.0"
"e9b513c7-7ccb-49b1-9641-bc7ee6d44385","Vehicle-CodewithYu-123","[52.349783363089486,-1.6458179787238196]","2025-04-09 10:47:31.719","21.88","Rain","11.45","96.4",,"239.0"
"1818d163-c85c-4b95-aeb4-c1d3478ecd2b","Vehicle-CodewithYu-123","[51.98582754897448,-0.9933687320800403]","2025-04-09 10:18:54.719","24.39","Sunny","6.03","40.64",,"120.0"
"12fa4314-9f15-4e70-aaaf-719b848da0cb","Vehicle-CodewithYu-123","[51.995563723524064,-1.0114774888206919]","2025-04-09 10:19:33.719","4.49","Rain","11.83","53.09",,"372.0"
"986e917c-58ab-4680-a756-00d6cb09a2b3","Vehicle-CodewithYu-123","[51.80891308876334,-0.6769561300315223]","2025-04-09 10:13:04.905","15.57","Sunny","17.99","30.03",,"204.0"
"67dc300a-7eb8-4ff9-8ff3-2516d057a176","Vehicle-CodewithYu-123","[51.81875550124101,-0.6948902899385322]","2025-04-09 10:13:55.905","22.99","Rain","10.15","83.37",,"105.0"
"f05426ad-cda0-4893-a1fb-2bd011461809","Vehicle-CodewithYu-123","[51.740783353822984,-0.553453025277167]","2025-04-09 10:00:20.719","14.75","Rain","4.04","44.18",,"280.0"
"7070ad9e-915e-44ff-a304-5129f02e4179","Vehicle-CodewithYu-123","[51.751016404762034,-0.5708880056534111]","2025-04-09 10:00:54.719","13.06","Cloudy","10.74","4.18",,"466.0"
"7ba93168-4054-4a29-a46e-91fc923d0752","Vehicle-CodewithYu-123","[51.887467666912755,-0.8183131069971105]","2025-04-09 10:18:38.905","23.05","Sunny","21.42","76.56",,"2.0"
"c8a8c0a6-a831-492b-a414-551ac031d779","Vehicle-CodewithYu-123","[52.230875556272004,-1.4351907879826067]","2025-04-09 10:38:18.719","15.41","Rain","0.2","86.51",,"486.0"
"4ca2cc14-dd77-439c-8048-a332feaf201e","Vehicle-CodewithYu-123","[51.61491103810475,-0.3230718648328474]","2025-04-09 09:49:44.566","4.53","Sunny","6.02","56.74",,"365.0"
"5b3f9643-79db-461b-912a-dd480f917e66","Vehicle-CodewithYu-123","[52.035078697899976,-1.0821792276087567]","2025-04-09 10:29:43.905","4.42","Cloudy","2.96","76.44",,"395.0"
"24ee46ea-54fd-4e52-b6a1-b76128f4d983","Vehicle-CodewithYu-123","[52.32063944436123,-1.592684511823519]","2025-04-09 10:45:11.719","5.34","Cloudy","19.67","20.52",,"277.0"
"0721cf31-7a1b-4218-8348-d18196bc8520","Vehicle-CodewithYu-123","[51.95722882527616,-0.9405594358351099]","2025-04-09 10:16:12.719","21.34","Snow","2.64","96.08",,"414.0"
"79b35a7a-67ec-445b-ac98-7ce550c912cf","Vehicle-CodewithYu-123","[51.966692962237246,-0.9581636890881715]","2025-04-09 10:17:02.719","11.68","Snow","11.62","82.57",,"161.0"
"1623bde6-b38a-4f55-8be8-fdaab17438e7","Vehicle-CodewithYu-123","[51.54643223428317,-0.1984784704950027]","2025-04-09 09:44:56.719","25.54","Cloudy","21.66","38.01",,"417.0"
"50a2695c-b16e-4299-b18f-6a4485b56f91","Vehicle-CodewithYu-123","[51.5560755049834,-0.215934295320625]","2025-04-09 09:45:48.719","13.88","Cloudy","13.35","24.48",,"134.0"
"37aa2e89-bd82-493b-8ec4-957407596855","Vehicle-CodewithYu-123","[51.751016404762034,-0.5708880056534111]","2025-04-09 10:08:34.905","13.06","Cloudy","10.74","4.18",,"466.0"
"3d39a865-b7b7-4e96-870a-4fe5de1452a2","Vehicle-CodewithYu-123","[51.7793148404923,-0.6233614595412037]","2025-04-09 10:10:28.905","2.06","Sunny","16.5","39.85",,"34.0"
"6e9f43c3-7e41-4da5-a65f-36016a33ecd4","Vehicle-CodewithYu-123","[51.5560755049834,-0.215934295320625]","2025-04-09 09:44:49.566","13.88","Cloudy","13.35","24.48",,"134.0"
"55f0a71b-8f18-46d8-9791-50e9518c6465","Vehicle-CodewithYu-123","[51.78924432223091,-0.6410877811568436]","2025-04-09 10:11:24.905","-1.42","Rain","4.46","96.25",,"54.0"
"03b4daa0-12dd-4bd0-a74b-cec9101153e9","Vehicle-CodewithYu-123","[52.1129154162542,-1.2230727843770406]","2025-04-09 10:28:19.719","25.63","Snow","10.33","18.76",,"378.0"
"ef6aa625-6956-4e82-9c4a-039c2b0df489","Vehicle-CodewithYu-123","[52.24099639517168,-1.4524138530641568]","2025-04-09 10:39:12.719","5.92","Cloudy","15.52","67.78",,"329.0"
"809ceed3-afe2-4afa-ab38-0a88c9330915","Vehicle-CodewithYu-123","[52.25118779887575,-1.4698935124552661]","2025-04-09 10:39:51.719","6.31","Cloudy","2.25","29.51",,"87.0"
"8fd1806a-130e-493c-b9f8-01918e5fa888","Vehicle-CodewithYu-123","[52.12240697449255,-1.2406495647379552]","2025-04-09 10:29:18.719","10.03","Sunny","24.33","60.89",,"79.0"
"a64695b5-b2e4-44f7-af56-b369383dfd12","Vehicle-CodewithYu-123","[51.56604811923439,-0.23321744340043518]","2025-04-09 09:54:22.905","19.96","Snow","6.69","21.1",,"438.0"
"b6b9379d-6e37-4be2-89a4-fbb1430fee0f","Vehicle-CodewithYu-123","[51.575991557899684,-0.2509478114993745]","2025-04-09 09:55:21.905","-0.67","Rain","18.68","42.84",,"180.0"
"060d468b-a5d7-4d90-86eb-aad0e8f072ef","Vehicle-CodewithYu-123","[52.035078697899976,-1.0821792276087567]","2025-04-09 10:22:03.719","4.42","Cloudy","2.96","76.44",,"395.0"
"26dbde7e-d60b-4b7a-8af1-6df6f5011448","Vehicle-CodewithYu-123","[52.04481721236487,-1.0998625066047374]","2025-04-09 10:23:00.719","12.63","Sunny","15.24","74.01",,"103.0"
"346386f7-1b42-4047-8c9b-6dee608c80bf","Vehicle-CodewithYu-123","[51.653912743676436,-0.3940451245957878]","2025-04-09 09:53:33.719","15.03","Sunny","10.07","33.93",,"124.0"
"7a968d19-858e-40a9-ab6c-df7bb6ff2ded","Vehicle-CodewithYu-123","[51.760514481300376,-0.5887644759141882]","2025-04-09 10:01:27.719","22.12","Cloudy","23.14","23.67",,"399.0"
"3ea75c7a-476d-4e1e-9e3c-a4ed6ea4f209","Vehicle-CodewithYu-123","[51.93717860943231,-0.905167286952889]","2025-04-09 10:22:32.905","17.27","Cloudy","24.12","10.81",,"155.0"
"8178fb9e-6b50-4813-9dc6-065a59c8399c","Vehicle-CodewithYu-123","[51.94740808003085,-0.9230949571757973]","2025-04-09 10:23:20.905","-1.84","Rain","21.26","60.04",,"491.0"
"5507a448-6eca-4a79-b422-ddf7c489cc62","Vehicle-CodewithYu-123","[52.21165377167937,-1.40045883554772]","2025-04-09 10:36:38.719","14.78","Snow","6.38","0.94",,"450.0"
"2f450ad4-8fef-4ca8-9cad-de6f77f54392","Vehicle-CodewithYu-123","[52.221015633579654,-1.4176395999127853]","2025-04-09 10:37:26.719","16.4","Snow","21.13","19.92",,"241.0"
"99ea523b-32ad-47da-9ee1-d8cbbcb676f5","Vehicle-CodewithYu-123","[52.37977964325738,-1.6989466594578793]","2025-04-09 10:49:54.719","17.62","Rain","10.67","66.51",,"76.0"
"d7cdcdc9-f94a-4f34-9e48-0ee62d4a809e","Vehicle-CodewithYu-123","[52.38915886804575,-1.7169872951005476]","2025-04-09 10:50:37.719","20.16","Sunny","14.66","56.16",,"61.0"
"27dc24fa-7f9b-4bd7-aed6-2b65188122f1","Vehicle-CodewithYu-123","[51.82850848943126,-0.7125741301392274]","2025-04-09 10:06:51.719","24.75","Cloudy","16.47","28.38",,"309.0"
"fcff2b85-b7ed-49d0-a042-8db14f905a25","Vehicle-CodewithYu-123","[51.59533875072212,-0.28703814338096606]","2025-04-09 09:48:13.566","14.87","Sunny","7.34","15.82",,"361.0"
"c366739e-a5c4-425b-af4b-07c5d4b8b371","Vehicle-CodewithYu-123","[51.605134432396724,-0.3050577325581683]","2025-04-09 09:49:03.566","13.88","Cloudy","9.35","16.15",,"461.0"
"b4986323-d175-4ca0-8538-9a5ad51f0e21","Vehicle-CodewithYu-123","[51.62432742956925,-0.3407225824547486]","2025-04-09 09:59:10.905","13.8","Cloudy","23.22","75.53",,"356.0"
"723bbf5a-8454-47ba-828f-0b2b29733ab9","Vehicle-CodewithYu-123","[51.56604811923439,-0.23321744340043518]","2025-04-09 09:59:30.940","19.96","Snow","6.69","21.1",,"438.0"
"a2cfeb71-65eb-4e4c-aee3-2bf4f19330d0","Vehicle-CodewithYu-123","[51.575991557899684,-0.2509478114993745]","2025-04-09 10:00:29.940","-0.67","Rain","18.68","42.84",,"180.0"
"744c2ef8-9664-4971-8211-1ac47bca2d8b","Vehicle-CodewithYu-123","[51.59533875072212,-0.28703814338096606]","2025-04-09 09:49:12.719","14.87","Sunny","7.34","15.82",,"361.0"
"1852352f-1996-44a8-a974-7e65b763b0c9","Vehicle-CodewithYu-123","[52.074088663461644,-1.1523669099006413]","2025-04-09 10:32:59.905","3.95","Sunny","11.72","30.41",,"136.0"
"30cf0374-eb95-4eee-873c-b28d44ef7be3","Vehicle-CodewithYu-123","[52.08381442232522,-1.1698948732386]","2025-04-09 10:33:57.905","2.76","Sunny","5.72","67.43",,"293.0"
"a5b03e84-d426-4e26-8240-4b654411c52b","Vehicle-CodewithYu-123","[52.093678669309824,-1.1872577642344282]","2025-04-09 10:26:52.719","23.4","Cloudy","24.92","43.59",,"484.0"
"de3d79a1-54cf-4375-a056-d17b35729d67","Vehicle-CodewithYu-123","[52.33074049734235,-1.6105775131444728]","2025-04-09 10:46:05.719","-4.91","Cloudy","24.69","54.02",,"54.0"
"b82fa5d2-8622-49af-9637-2990b8f085c3","Vehicle-CodewithYu-123","[51.68247813685676,-0.447461570316535]","2025-04-09 10:03:54.905","-3.11","Rain","1.43","58.42",,"426.0"
"bdcf3cb7-5f00-410a-b67b-9b35b7a65a75","Vehicle-CodewithYu-123","[51.69272691576003,-0.46550745885129446]","2025-04-09 10:04:29.905","21.72","Snow","3.0","89.03",,"297.0"
"57c8c890-95e6-44ae-a453-dd0cfdd8bc1b","Vehicle-CodewithYu-123","[52.05476564050206,-1.1178314495113564]","2025-04-09 10:23:35.719","7.66","Snow","7.28","23.15",,"351.0"
"906cde6c-5ed4-415f-b532-28fcda21b6a5","Vehicle-CodewithYu-123","[51.89750914203781,-0.8355856590465414]","2025-04-09 10:11:58.719","17.77","Cloudy","12.21","27.29",,"194.0"
"276d8319-6e6c-48ee-b142-16dedc49f8f2","Vehicle-CodewithYu-123","[51.907637647700874,-0.8527921174258725]","2025-04-09 10:12:47.719","13.35","Sunny","2.1","42.86",,"90.0"
"3d6dfb96-ed8d-4dca-b7ce-a9b5b2922381","Vehicle-CodewithYu-123","[52.14177895680768,-1.276257090459793]","2025-04-09 10:30:56.719","18.14","Cloudy","21.6","27.62",,"207.0"
"1c68e803-4f6c-4374-9a3f-041bfc942634","Vehicle-CodewithYu-123","[52.151887506280865,-1.29410025147651]","2025-04-09 10:31:35.719","15.46","Cloudy","11.16","48.43",,"381.0"
"d2102df6-e025-419b-bcdf-82561a49819a","Vehicle-CodewithYu-123","[51.59533875072212,-0.28703814338096606]","2025-04-09 09:56:52.905","14.87","Sunny","7.34","15.82",,"361.0"
"ce767fe8-f34a-4390-9ebd-fa09a6a0b593","Vehicle-CodewithYu-123","[51.62432742956925,-0.3407225824547486]","2025-04-09 09:51:30.719","13.8","Cloudy","23.22","75.53",,"356.0"
"31813e67-4452-436f-ad21-915b76c2aabc","Vehicle-CodewithYu-123","[51.575991557899684,-0.2509478114993745]","2025-04-09 09:47:41.719","-0.67","Rain","18.68","42.84",,"180.0"
"99c5dd76-98ce-4362-8770-724ae9c0e318","Vehicle-CodewithYu-123","[51.58537046731186,-0.2690266951239498]","2025-04-09 09:48:14.719","16.09","Sunny","9.62","59.59",,"125.0"
"4b3f1d2e-b2aa-4461-b386-3d25259502b7","Vehicle-CodewithYu-123","[51.72145764070526,-0.5181374093442486]","2025-04-09 10:06:42.905","15.27","Sunny","16.7","55.46",,"51.0"
"0deb5f1d-42b6-4cda-92ce-3cdcf392698a","Vehicle-CodewithYu-123","[51.877848785521714,-0.8006530313004616]","2025-04-09 10:10:27.719","11.74","Cloudy","3.77","38.3",,"106.0"
"45f07b56-5de1-4fd7-ab55-aca9e133884c","Vehicle-CodewithYu-123","[52.06474102542213,-1.1350335384668737]","2025-04-09 10:32:10.905","19.92","Cloudy","10.63","54.46",,"454.0"
"241fe51c-0523-4c0a-b2ad-ac92f5783456","Vehicle-CodewithYu-123","[51.69272691576003,-0.46550745885129446]","2025-04-09 09:56:49.719","21.72","Snow","3.0","89.03",,"297.0"
"a80f56aa-9c0e-4c58-ad53-a689076a335a","Vehicle-CodewithYu-123","[51.70243414067537,-0.4830497865620032]","2025-04-09 09:57:35.719","15.76","Rain","5.97","39.58",,"149.0"
"9c08fb25-5236-4be7-aeae-2732a79da0b1","Vehicle-CodewithYu-123","[51.760514481300376,-0.5887644759141882]","2025-04-09 10:09:07.905","22.12","Cloudy","23.14","23.67",,"399.0"
"6c5c37f6-42a8-4793-a0b7-314fab0185d3","Vehicle-CodewithYu-123","[51.76982726766227,-0.6061539114424331]","2025-04-09 10:09:47.905","15.77","Cloudy","6.67","78.74",,"436.0"
"f5972c52-5582-446f-9985-f7e213025133","Vehicle-CodewithYu-123","[51.53656688213791,-0.1810570423312176]","2025-04-09 09:43:26.566","20.02","Snow","13.41","97.31",,"276.0"
"44b262ee-101a-46b7-ab0a-8ff5d2b424ec","Vehicle-CodewithYu-123","[51.54643223428317,-0.1984784704950027]","2025-04-09 09:43:57.566","25.54","Cloudy","21.66","38.01",,"417.0"
"b9d08b4a-5f0a-48c3-b811-74e504d1c83d","Vehicle-CodewithYu-123","[52.1322472259016,-1.2586823555366735]","2025-04-09 10:30:14.719","-1.36","Cloudy","12.46","71.66",,"136.0"
"19f6c3e8-bea6-4d22-a138-408914fbe613","Vehicle-CodewithYu-123","[51.94740808003085,-0.9230949571757973]","2025-04-09 10:15:40.719","-1.84","Rain","21.26","60.04",,"491.0"
"ecebf866-070a-47c6-8c50-6bf1167fda45","Vehicle-CodewithYu-123","[51.966692962237246,-0.9581636890881715]","2025-04-09 10:24:42.905","11.68","Snow","11.62","82.57",,"161.0"
"24bc98c3-9d38-40d3-ac8f-fd5c51ce1e63","Vehicle-CodewithYu-123","[51.838469285101816,-0.7304754894732302]","2025-04-09 10:07:27.719","25.5","Sunny","11.39","88.61",,"359.0"
"3bddb4dd-4c36-46b0-b285-01e8c5cb133b","Vehicle-CodewithYu-123","[51.848156937964696,-0.7484539181281389]","2025-04-09 10:08:19.719","18.87","Sunny","19.46","21.88",,"347.0"
"7fc52458-74b3-478f-aa37-880d514d9b03","Vehicle-CodewithYu-123","[51.76982726766227,-0.6061539114424331]","2025-04-09 10:02:07.719","15.77","Cloudy","6.67","78.74",,"436.0"
"6d7b0e2d-023c-40cb-8c12-22654f5332b7","Vehicle-CodewithYu-123","[51.7793148404923,-0.6233614595412037]","2025-04-09 10:02:48.719","2.06","Sunny","16.5","39.85",,"34.0"
"1befcf68-c2fd-4bcf-811e-52ef7c51dce0","Vehicle-CodewithYu-123","[51.92719114446106,-0.8878081850512451]","2025-04-09 10:14:17.719","2.67","Sunny","15.53","23.85",,"57.0"
"94defa52-d1ee-456f-bfa6-77e3049c2578","Vehicle-CodewithYu-123","[51.93717860943231,-0.905167286952889]","2025-04-09 10:14:52.719","17.27","Cloudy","24.12","10.81",,"155.0"
"0ec70b8d-6865-4825-acba-ab89cab8c81f","Vehicle-CodewithYu-123","[51.61491103810475,-0.3230718648328474]","2025-04-09 10:03:31.940","4.53","Sunny","6.02","56.74",,"365.0"
"0f4a1b87-bb29-4d5d-a88d-3bb7fc517eee","Vehicle-CodewithYu-123","[51.848156937964696,-0.7484539181281389]","2025-04-09 10:15:59.905","18.87","Sunny","19.46","21.88",,"347.0"
"fa0f3958-5b18-42a8-83e0-a5bf1237d5ee","Vehicle-CodewithYu-123","[51.85800234375873,-0.7656624481136834]","2025-04-09 10:16:32.905","15.69","Rain","23.75","89.14",,"359.0"
"3753acb4-1bfa-42c2-825b-c0d44907f073","Vehicle-CodewithYu-123","[51.68247813685676,-0.447461570316535]","2025-04-09 09:56:14.719","-3.11","Rain","1.43","58.42",,"426.0"
"3eeb5a5b-3316-4fe6-b304-fcb020884cd4","Vehicle-CodewithYu-123","[51.73086106937568,-0.5361563733665392]","2025-04-09 09:59:49.719","1.53","Rain","5.09","63.42",,"244.0"
"57fef363-d034-496c-9a0e-87f694503e37","Vehicle-CodewithYu-123","[52.093678669309824,-1.1872577642344282]","2025-04-09 10:34:32.905","23.4","Cloudy","24.92","43.59",,"484.0"
"a85dec28-08b4-49dd-9d06-02b88be17638","Vehicle-CodewithYu-123","[51.64420116505342,-0.37638614926382447]","2025-04-09 10:05:28.940","11.72","Snow","6.07","47.3",,"47.0"
"10f33b25-0cc1-410e-b2d6-d33b3f460367","Vehicle-CodewithYu-123","[51.85800234375873,-0.7656624481136834]","2025-04-09 10:08:52.719","15.69","Rain","23.75","89.14",,"359.0"
"3e4a311c-e97f-42e8-89dd-6ffa83f05677","Vehicle-CodewithYu-123","[51.86812091292845,-0.7832405761630726]","2025-04-09 10:09:50.719","8.95","Cloudy","21.0","27.73",,"242.0"
"b68e8822-ed52-496a-bbf9-f9aa2b0abf97","Vehicle-CodewithYu-123","[52.04481721236487,-1.0998625066047374]","2025-04-09 10:30:40.905","12.63","Sunny","15.24","74.01",,"103.0"
"3e35926e-9db1-43af-bf6a-d6c2dda05cd6","Vehicle-CodewithYu-123","[52.05476564050206,-1.1178314495113564]","2025-04-09 10:31:15.905","7.66","Snow","7.28","23.15",,"351.0"
"3ef1caf8-b1a3-46af-b2fd-8362d5837372","Vehicle-CodewithYu-123","[52.171891687186196,-1.3294456301819304]","2025-04-09 10:33:13.719","-1.89","Snow","2.49","91.04",,"72.0"
"6f52ba67-d05b-4323-9dd4-dc41d9561c17","Vehicle-CodewithYu-123","[52.18164917778718,-1.346602426551356]","2025-04-09 10:33:53.719","-2.51","Rain","21.31","85.93",,"158.0"
"2690e289-fdc2-40a6-be9f-31eadedf26fa","Vehicle-CodewithYu-123","[51.51732742679845,-0.14590098924477735]","2025-04-09 09:50:32.905","-1.82","Sunny","14.76","3.18",,"116.0"
"8652e1d4-a771-437f-914a-d4cd566418ee","Vehicle-CodewithYu-123","[51.52717667186139,-0.16331096963185496]","2025-04-09 09:51:24.905","13.27","Sunny","18.97","15.97",,"138.0"
"654e0d9a-9e84-402f-83cb-761cad925e7f","Vehicle-CodewithYu-123","[51.56604811923439,-0.23321744340043518]","2025-04-09 09:45:43.566","19.96","Snow","6.69","21.1",,"438.0"
"5f72cc49-22f7-46f1-84f9-c382ed186e0c","Vehicle-CodewithYu-123","[52.31068867562316,-1.5752002162907521]","2025-04-09 10:44:22.719","14.99","Sunny","9.95","18.98",,"424.0"
"c98c753c-46cd-462a-883f-7bb2b1b207b5","Vehicle-CodewithYu-123","[51.575991557899684,-0.2509478114993745]","2025-04-09 09:46:42.566","-0.67","Rain","18.68","42.84",,"180.0"
"c8c812c9-9e8d-427a-882f-51e2c65c6842","Vehicle-CodewithYu-123","[52.290669885084306,-1.5397741700659155]","2025-04-09 10:42:33.719","-1.99","Cloudy","9.72","37.1",,"348.0"
"fe140787-6853-427c-88ce-d58869d0b34f","Vehicle-CodewithYu-123","[52.30054522542986,-1.5571735709153582]","2025-04-09 10:43:31.719","10.17","Snow","23.48","27.97",,"108.0"
"ccfce8c2-c09e-4136-a8dd-a75c8161544e","Vehicle-CodewithYu-123","[51.66334092597353,-0.4119876365600006]","2025-04-09 09:54:17.719","8.74","Sunny","1.26","99.93",,"484.0"
"75f23aeb-1cd1-451f-b9f0-df57f68f5940","Vehicle-CodewithYu-123","[51.66334092597353,-0.4119876365600006]","2025-04-09 10:01:57.905","8.74","Sunny","1.26","99.93",,"484.0"
"80675102-3818-4992-864a-24424ed50164","Vehicle-CodewithYu-123","[51.67303534003148,-0.4296322781420296]","2025-04-09 10:02:54.905","6.75","Snow","6.63","78.41",,"211.0"
"6140a356-ee4b-45e6-b63f-388e265f8679","Vehicle-CodewithYu-123","[51.67303534003148,-0.4296322781420296]","2025-04-09 09:55:14.719","6.75","Snow","6.63","78.41",,"211.0"
"bc283c57-655c-48a3-b754-c356dc29592a","Vehicle-CodewithYu-123","[51.97625989048644,-0.9758388870879777]","2025-04-09 10:25:36.905","6.75","Sunny","12.36","32.5",,"177.0"
"f2536f24-a080-4f8f-8421-140bedff9b13","Vehicle-CodewithYu-123","[51.98582754897448,-0.9933687320800403]","2025-04-09 10:26:34.905","24.39","Sunny","6.03","40.64",,"120.0"
"8ef13c4f-3256-4bdd-b3a7-1d77a9fcc147","Vehicle-CodewithYu-123","[51.5560755049834,-0.215934295320625]","2025-04-09 09:53:28.905","13.88","Cloudy","13.35","24.48",,"134.0"
"2bf93774-6fc6-4071-af88-ff7359fe0690","Vehicle-CodewithYu-123","[51.70243414067537,-0.4830497865620032]","2025-04-09 10:05:15.905","15.76","Rain","5.97","39.58",,"149.0"
"4c8944ff-9572-4a2e-be40-b09f68cefab9","Vehicle-CodewithYu-123","[51.711731456132256,-0.5005546273065101]","2025-04-09 10:06:03.905","1.61","Rain","3.31","34.9",,"122.0"
"6c44d1e2-e1bc-4eb6-8b28-94990a0d98c6","Vehicle-CodewithYu-123","[52.10337501740325,-1.2050627059784715]","2025-04-09 10:35:05.905","16.5","Rain","16.56","40.05",,"18.0"
"7b357e7a-df0c-4298-a20b-ba6ddf2a041b","Vehicle-CodewithYu-123","[51.51732742679845,-0.14590098924477735]","2025-04-09 09:55:40.940","-1.82","Sunny","14.76","3.18",,"116.0"
"28c3f4a5-4763-431a-8002-a1a3a6b647fd","Vehicle-CodewithYu-123","[51.917253000367815,-0.870463418100856]","2025-04-09 10:21:07.905","18.31","Snow","6.31","8.19",,"269.0"
"88807424-4d60-46d9-9f39-d153be59bad4","Vehicle-CodewithYu-123","[51.92719114446106,-0.8878081850512451]","2025-04-09 10:21:57.905","2.67","Sunny","15.53","23.85",,"57.0"
"4565cf8d-6d20-472f-b8b4-a4e59240a1de","Vehicle-CodewithYu-123","[51.917253000367815,-0.870463418100856]","2025-04-09 10:13:27.719","18.31","Snow","6.31","8.19",,"269.0"
"e4cd7c0d-1036-4c70-b9b1-03072d11722e","Vehicle-CodewithYu-123","[52.26100665124945,-1.4871060254807844]","2025-04-09 10:40:47.719","24.27","Rain","18.66","33.87",,"481.0"
"830eda1f-cb0e-49e4-a923-89b21b9921e0","Vehicle-CodewithYu-123","[51.81875550124101,-0.6948902899385322]","2025-04-09 10:06:15.719","22.99","Rain","10.15","83.37",,"105.0"
"44611e8d-0c69-454c-a9f1-b3ce4448c918","Vehicle-CodewithYu-123","[52.01582308909671,-1.0466259440303884]","2025-04-09 10:28:30.905","-4.56","Cloudy","6.86","97.43",,"348.0"
"67e505d2-ec73-49bf-80e2-37b5a676d378","Vehicle-CodewithYu-123","[52.025213676743505,-1.064739678627013]","2025-04-09 10:29:09.905","0.72","Sunny","6.31","86.17",,"32.0"
"f425af4c-dc01-42b2-9a30-5c476e754221","Vehicle-CodewithYu-123","[51.97625989048644,-0.9758388870879777]","2025-04-09 10:17:56.719","6.75","Sunny","12.36","32.5",,"177.0"
"cf7964d6-aab5-424e-9684-31dd015b873c","Vehicle-CodewithYu-123","[51.995563723524064,-1.0114774888206919]","2025-04-09 10:27:13.905","4.49","Rain","11.83","53.09",,"372.0"
"a8bbf743-ef5f-4eb6-94e4-6a8da9d9baa9","Vehicle-CodewithYu-123","[51.89750914203781,-0.8355856590465414]","2025-04-09 10:19:38.905","17.77","Cloudy","12.21","27.29",,"194.0"
"2483dd85-91b3-4b67-8cab-32e6939ddf92","Vehicle-CodewithYu-123","[52.00555457846625,-1.0293325723937157]","2025-04-09 10:27:51.905","4.78","Cloudy","4.79","73.86",,"294.0"
"eaed84b2-f904-440e-b0b6-c4d0fa9547d8","Vehicle-CodewithYu-123","[51.907637647700874,-0.8527921174258725]","2025-04-09 10:20:27.905","13.35","Sunny","2.1","42.86",,"90.0"
"0ed3dff1-ce0e-4b64-a02c-c07cac91572f","Vehicle-CodewithYu-123","[51.58537046731186,-0.2690266951239498]","2025-04-09 10:01:02.940","16.09","Sunny","9.62","59.59",,"125.0"
"5d6372cd-d621-46ad-bf7c-af47f2549767","Vehicle-CodewithYu-123","[52.00555457846625,-1.0293325723937157]","2025-04-09 10:20:11.719","4.78","Cloudy","4.79","73.86",,"294.0"
"2ac49970-ae3d-4250-81b2-c4d970ebe9d3","Vehicle-CodewithYu-123","[52.01582308909671,-1.0466259440303884]","2025-04-09 10:20:50.719","-4.56","Cloudy","6.86","97.43",,"348.0"
"a19e683a-07f4-4750-b41c-9ed05a52800d","Vehicle-CodewithYu-123","[51.653912743676436,-0.3940451245957878]","2025-04-09 10:06:21.940","15.03","Sunny","10.07","33.93",,"124.0"
"e3b7abac-1542-4507-b426-3ee83b3909e9","Vehicle-CodewithYu-123","[51.66334092597353,-0.4119876365600006]","2025-04-09 10:07:05.940","8.74","Sunny","1.26","99.93",,"484.0"
"a7ae6c0a-afa2-4d94-98ce-cd9386e3138a","Vehicle-CodewithYu-123","[51.79926086729156,-0.6589001038426486]","2025-04-09 10:04:33.719","22.88","Cloudy","6.37","70.88",,"462.0"
"bb5185a2-e400-4414-99c0-6fedee341aad","Vehicle-CodewithYu-123","[51.80891308876334,-0.6769561300315223]","2025-04-09 10:05:24.719","15.57","Sunny","17.99","30.03",,"204.0"
"a2daab45-80e6-4bed-b3bf-fd9097f96274","Vehicle-CodewithYu-123","[51.634053529653166,-0.3583310066137131]","2025-04-09 09:59:43.905","-4.35","Cloudy","14.71","0.72",,"29.0"
"74e4dcd2-06b8-4cc0-8a5e-8a5fbca0289b","Vehicle-CodewithYu-123","[51.52717667186139,-0.16331096963185496]","2025-04-09 09:43:44.719","13.27","Sunny","18.97","15.97",,"138.0"
"03d5df6c-f80d-405d-a3db-8f434c13d432","Vehicle-CodewithYu-123","[51.64420116505342,-0.37638614926382447]","2025-04-09 10:00:20.905","11.72","Snow","6.07","47.3",,"47.0"
"454050e9-85a1-40de-9d2a-53ded1d1fb29","Vehicle-CodewithYu-123","[51.653912743676436,-0.3940451245957878]","2025-04-09 10:01:13.905","15.03","Sunny","10.07","33.93",,"124.0"
"82af9d86-b23e-46ec-9727-1fee9f5065a4","Vehicle-CodewithYu-123","[52.191554637248785,-1.364493656308254]","2025-04-09 10:34:44.719","18.15","Snow","24.46","76.04",,"50.0"
"2fd531b7-68ff-44d5-944f-94389b0f24f1","Vehicle-CodewithYu-123","[51.605134432396724,-0.3050577325581683]","2025-04-09 09:50:02.719","13.88","Cloudy","9.35","16.15",,"461.0"
"87af37e9-ce8d-49eb-9ae4-a213dacdabbc","Vehicle-CodewithYu-123","[51.61491103810475,-0.3230718648328474]","2025-04-09 09:50:43.719","4.53","Sunny","6.02","56.74",,"365.0"
"3dbe4221-b136-4b4f-b8bc-549b7ebd9e04","Vehicle-CodewithYu-123","[51.605134432396724,-0.3050577325581683]","2025-04-09 09:57:42.905","13.88","Cloudy","9.35","16.15",,"461.0"
"12d1d27a-7845-499f-a3fa-f9278c709031","Vehicle-CodewithYu-123","[51.61491103810475,-0.3230718648328474]","2025-04-09 09:58:23.905","4.53","Sunny","6.02","56.74",,"365.0"
"d77e8079-bd84-4d15-bed2-e4ef760f7f03","Vehicle-CodewithYu-123","[51.51732742679845,-0.14590098924477735]","2025-04-09 09:42:52.719","-1.82","Sunny","14.76","3.18",,"116.0"
"d9bcf17a-f0ec-4e45-b8e1-74e2001edf22","Vehicle-CodewithYu-123","[51.62432742956925,-0.3407225824547486]","2025-04-09 10:04:18.940","13.8","Cloudy","23.22","75.53",,"356.0"
"9995b65a-74a9-4296-9db7-9b4750caa41a","Vehicle-CodewithYu-123","[51.634053529653166,-0.3583310066137131]","2025-04-09 10:04:51.940","-4.35","Cloudy","14.71","0.72",,"29.0"
"09555073-c857-4ef1-9328-1e711579a0d2","Vehicle-CodewithYu-123","[51.711731456132256,-0.5005546273065101]","2025-04-09 09:58:23.719","1.61","Rain","3.31","34.9",,"122.0"
"26b16e15-5620-43be-b4d4-6a6323ec0d3b","Vehicle-CodewithYu-123","[51.72145764070526,-0.5181374093442486]","2025-04-09 09:59:02.719","15.27","Sunny","16.7","55.46",,"51.0"
"9b377403-7f2f-46b4-b273-1deca35f4c83","Vehicle-CodewithYu-123","[52.074088663461644,-1.1523669099006413]","2025-04-09 10:25:19.719","3.95","Sunny","11.72","30.41",,"136.0"
"04ef8b0f-1443-4b47-b64a-ff5d84ff0f69","Vehicle-CodewithYu-123","[52.08381442232522,-1.1698948732386]","2025-04-09 10:26:17.719","2.76","Sunny","5.72","67.43",,"293.0"
"72ce4bdf-235f-4345-911c-2d2fda42ce88","Vehicle-CodewithYu-123","[51.53656688213791,-0.1810570423312176]","2025-04-09 09:44:25.719","20.02","Snow","13.41","97.31",,"276.0"
"e17de574-7e64-48a8-849e-b885f91a1151","Vehicle-CodewithYu-123","[51.59533875072212,-0.28703814338096606]","2025-04-09 10:02:00.940","14.87","Sunny","7.34","15.82",,"361.0"
"0ea9861a-ada2-421d-b2ea-5dbb66971326","Vehicle-CodewithYu-123","[51.605134432396724,-0.3050577325581683]","2025-04-09 10:02:50.940","13.88","Cloudy","9.35","16.15",,"461.0"
"e559101d-6644-4a38-97f1-39a359eea46b","Vehicle-CodewithYu-123","[52.399314960194616,-1.7343922344218015]","2025-04-09 10:51:37.719","-1.79","Cloudy","3.87","48.22",,"175.0"
"8c5586ba-f3a7-46ea-b7b2-26eb93c56b09","Vehicle-CodewithYu-123","[51.53656688213791,-0.1810570423312176]","2025-04-09 09:57:13.940","20.02","Snow","13.41","97.31",,"276.0"
"8788f512-7230-46d7-ba12-32f64d7e7f86","Vehicle-CodewithYu-123","[51.54643223428317,-0.1984784704950027]","2025-04-09 09:57:44.940","25.54","Cloudy","21.66","38.01",,"417.0"
"6e67cd88-2f03-4c6f-86df-cb932fe00234","Vehicle-CodewithYu-123","[51.5560755049834,-0.215934295320625]","2025-04-09 09:58:36.940","13.88","Cloudy","13.35","24.48",,"134.0"
"25226dd2-8253-4ae8-a522-27b17df3bfeb","Vehicle-CodewithYu-123","[52.35975746058555,-1.6634537098696753]","2025-04-09 10:48:30.719","4.99","Cloudy","1.64","27.5",,"274.0"
"25f75e71-5a41-4a01-813e-455dc88a338a","Vehicle-CodewithYu-123","[51.79926086729156,-0.6589001038426486]","2025-04-09 10:12:13.905","22.88","Cloudy","6.37","70.88",,"462.0"
"8d875ba2-b2bf-4123-977a-c02fdf9d4ef5","Vehicle-CodewithYu-123","[52.37004008834141,-1.681049153032244]","2025-04-09 10:49:14.719","19.59","Sunny","21.32","65.09",,"360.0"
"86305557-1861-45a5-9891-240be19ec702","Vehicle-CodewithYu-123","[51.634053529653166,-0.3583310066137131]","2025-04-09 09:52:03.719","-4.35","Cloudy","14.71","0.72",,"29.0"
"a8e3580a-025e-4bb9-a9cd-3e2bf951d55e","Vehicle-CodewithYu-123","[51.64420116505342,-0.37638614926382447]","2025-04-09 09:52:40.719","11.72","Snow","6.07","47.3",,"47.0"
"e7b2874b-a042-4d96-bcc7-29f553d882df","Vehicle-CodewithYu-123","[51.887467666912755,-0.8183131069971105]","2025-04-09 10:10:58.719","23.05","Sunny","21.42","76.56",,"2.0"
"ef417e51-cf0d-42fa-9d8f-ac0bd1409cf3","Vehicle-CodewithYu-123","[52.16210835853658,-1.311356649793276]","2025-04-09 10:32:27.719","21.54","Snow","1.09","74.47",,"405.0"
"db99e12b-fa14-4081-95df-149ed046aa9b","Vehicle-CodewithYu-123","[51.58537046731186,-0.2690266951239498]","2025-04-09 09:55:54.905","16.09","Sunny","9.62","59.59",,"125.0"
"f7dc8bd4-17b2-4c92-bc93-5f4c90d2f28a","Vehicle-CodewithYu-123","[52.025213676743505,-1.064739678627013]","2025-04-09 10:21:29.719","0.72","Sunny","6.31","86.17",,"32.0"
"6e9d0149-b7cc-4538-aa31-bd51b1e2df57","Vehicle-CodewithYu-123","[51.86812091292845,-0.7832405761630726]","2025-04-09 10:17:30.905","8.95","Cloudy","21.0","27.73",,"242.0"
"300cc5cb-2c2f-4197-b075-63c3b221ea16","Vehicle-CodewithYu-123","[51.877848785521714,-0.8006530313004616]","2025-04-09 10:18:07.905","11.74","Cloudy","3.77","38.3",,"106.0"
"eede2abe-5795-42a3-8e7a-ed6b3e82f62b","Vehicle-CodewithYu-123","[51.78924432223091,-0.6410877811568436]","2025-04-09 10:03:44.719","-1.42","Rain","4.46","96.25",,"54.0"
"5dd7f8f5-0c7b-404f-9402-7f044abdeb1b","Vehicle-CodewithYu-123","[52.27115479184635,-1.5045078087687087]","2025-04-09 10:41:29.719","6.34","Snow","0.35","53.66",,"336.0"
"222da9bd-d7c9-4651-b4fd-f0f0055921fc","Vehicle-CodewithYu-123","[52.28126520914758,-1.521693516876929]","2025-04-09 10:42:02.719","14.21","Rain","22.88","22.14",,"411.0"
"6020e39c-6e58-4db4-a6b4-5250771f8744","Vehicle-CodewithYu-123","[51.52717667186139,-0.16331096963185496]","2025-04-09 09:56:32.940","13.27","Sunny","18.97","15.97",,"138.0"
"080e45e4-67f2-4c2b-92bb-83851cbd15e8","Vehicle-CodewithYu-123","[51.95722882527616,-0.9405594358351099]","2025-04-09 10:23:52.905","21.34","Snow","2.64","96.08",,"414.0"
"10bf1f2a-f04c-476d-b9a8-c773220b3af7","Vehicle-CodewithYu-123","[51.56604811923439,-0.23321744340043518]","2025-04-09 09:46:42.719","19.96","Snow","6.69","21.1",,"438.0"
"09a7ef4b-328c-4f33-b21a-3659af2e8e2d","Vehicle-CodewithYu-123","[51.73086106937568,-0.5361563733665392]","2025-04-09 10:07:29.905","1.53","Rain","5.09","63.42",,"244.0"
"55f79411-77cc-40af-bec9-e415f875b606","Vehicle-CodewithYu-123","[51.740783353822984,-0.553453025277167]","2025-04-09 10:08:00.905","14.75","Rain","4.04","44.18",,"280.0"
"d47fd663-4e76-4476-9ac4-d8b21d572414","Vehicle-CodewithYu-123","[51.54643223428317,-0.1984784704950027]","2025-04-09 09:52:36.905","25.54","Cloudy","21.66","38.01",,"417.0"
"ec33006d-c169-4f50-be45-1146ef875cfd","Vehicle-CodewithYu-123","[51.82850848943126,-0.7125741301392274]","2025-04-09 10:14:31.905","24.75","Cloudy","16.47","28.38",,"309.0"
"6bf83d51-1c6f-4f84-9317-ddb807baf8a5","Vehicle-CodewithYu-123","[51.838469285101816,-0.7304754894732302]","2025-04-09 10:15:07.905","25.5","Sunny","11.39","88.61",,"359.0"
"9f6127a0-bb03-4c35-97ce-d48333e427e4","Vehicle-CodewithYu-123","[52.201746061310836,-1.3825736653395766]","2025-04-09 10:35:39.719","8.35","Cloudy","13.28","56.59",,"84.0"
"1a28400d-7ab7-420d-aeea-a0d3c0060391","Vehicle-CodewithYu-123","[51.51732742679845,-0.14590098924477735]","2025-04-09 08:21:16.398","-1.82","Sunny","14.76","3.18",,"116.0"
"9fd5546e-4c93-4765-9004-2b88e334bf76","Vehicle-CodewithYu-123","[51.52717667186139,-0.16331096963185496]","2025-04-09 08:22:08.398","13.27","Sunny","18.97","15.97",,"138.0"
"b44de924-1e4c-4164-bf96-13d2a0783670","Vehicle-CodewithYu-123","[51.53656688213791,-0.1810570423312176]","2025-04-09 08:22:49.398","20.02","Snow","13.41","97.31",,"276.0"
"b9881fef-8847-41b1-b3cd-4b9f0e74346d","Vehicle-CodewithYu-123","[51.54643223428317,-0.1984784704950027]","2025-04-09 08:23:20.398","25.54","Cloudy","21.66","38.01",,"417.0"
"2946727c-3ab5-4925-b752-d1220244db1c","Vehicle-CodewithYu-123","[51.5560755049834,-0.215934295320625]","2025-04-09 08:24:12.398","13.88","Cloudy","13.35","24.48",,"134.0"
"c0b819aa-4d3e-402b-9b32-06414c78fdce","Vehicle-CodewithYu-123","[51.56604811923439,-0.23321744340043518]","2025-04-09 08:25:06.398","19.96","Snow","6.69","21.1",,"438.0"
"6dd2b962-cb8f-4bb1-be54-1b3dd5cdaff6","Vehicle-CodewithYu-123","[51.575991557899684,-0.2509478114993745]","2025-04-09 08:26:05.398","-0.67","Rain","18.68","42.84",,"180.0"
"cd46f682-bc83-40cb-8911-87b8ada1e97e","Vehicle-CodewithYu-123","[51.58537046731186,-0.2690266951239498]","2025-04-09 08:26:38.398","16.09","Sunny","9.62","59.59",,"125.0"
"1c44f858-8989-4de4-8a81-052be8fc6d2f","Vehicle-CodewithYu-123","[51.59533875072212,-0.28703814338096606]","2025-04-09 08:27:36.398","14.87","Sunny","7.34","15.82",,"361.0"
"e6eb8a48-dc91-44dd-b3ac-968906c6f217","Vehicle-CodewithYu-123","[51.605134432396724,-0.3050577325581683]","2025-04-09 08:28:26.398","13.88","Cloudy","9.35","16.15",,"461.0"
"db482c58-28fe-43e0-baa3-d901f2f84317","Vehicle-CodewithYu-123","[51.61491103810475,-0.3230718648328474]","2025-04-09 08:29:07.398","4.53","Sunny","6.02","56.74",,"365.0"
"25addbca-fdb5-433c-aae0-978925b0ab76","Vehicle-CodewithYu-123","[51.62432742956925,-0.3407225824547486]","2025-04-09 08:29:54.398","13.8","Cloudy","23.22","75.53",,"356.0"
"3975f0aa-9eb9-478d-bd6a-fcc0ef3b9dbf","Vehicle-CodewithYu-123","[51.634053529653166,-0.3583310066137131]","2025-04-09 08:30:27.398","-4.35","Cloudy","14.71","0.72",,"29.0"
"6c93a799-ce76-4808-a485-1fb80eb33ff6","Vehicle-CodewithYu-123","[51.64420116505342,-0.37638614926382447]","2025-04-09 08:31:04.398","11.72","Snow","6.07","47.3",,"47.0"
"fe48b562-528b-49df-bae6-45594378ce2d","Vehicle-CodewithYu-123","[51.653912743676436,-0.3940451245957878]","2025-04-09 08:31:57.398","15.03","Sunny","10.07","33.93",,"124.0"
"ba749b2d-9021-41c2-898f-16cc29549c7d","Vehicle-CodewithYu-123","[51.66334092597353,-0.4119876365600006]","2025-04-09 08:32:41.398","8.74","Sunny","1.26","99.93",,"484.0"
"d912d89a-6dfb-4444-ac9c-1c07bf3949bb","Vehicle-CodewithYu-123","[51.67303534003148,-0.4296322781420296]","2025-04-09 08:33:38.398","6.75","Snow","6.63","78.41",,"211.0"
"aec055cd-88a2-4860-85fc-34a40db5bb21","Vehicle-CodewithYu-123","[51.51732742679845,-0.14590098924477735]","2025-04-09 08:46:01.668","-1.82","Sunny","14.76","3.18",,"116.0"
"58049819-913b-474d-84bb-0adcc676b29e","Vehicle-CodewithYu-123","[51.52717667186139,-0.16331096963185496]","2025-04-09 08:46:53.668","13.27","Sunny","18.97","15.97",,"138.0"
"1b24a2c5-b841-4cf3-80ef-0addb49e4cf8","Vehicle-CodewithYu-123","[51.53656688213791,-0.1810570423312176]","2025-04-09 08:47:34.668","20.02","Snow","13.41","97.31",,"276.0"
"ff046adc-4375-4a58-a51f-f20777c81edb","Vehicle-CodewithYu-123","[51.54643223428317,-0.1984784704950027]","2025-04-09 08:48:05.668","25.54","Cloudy","21.66","38.01",,"417.0"
"426e5ce0-82c2-49a1-9cfa-2a6e8d4d4436","Vehicle-CodewithYu-123","[51.5560755049834,-0.215934295320625]","2025-04-09 08:48:57.668","13.88","Cloudy","13.35","24.48",,"134.0"
"3e39f126-6fe1-4482-b9c9-cbdbfa3e25d0","Vehicle-CodewithYu-123","[51.56604811923439,-0.23321744340043518]","2025-04-09 08:49:51.668","19.96","Snow","6.69","21.1",,"438.0"
"7a6e741c-6e2c-4177-a84d-ae8caf520e35","Vehicle-CodewithYu-123","[51.575991557899684,-0.2509478114993745]","2025-04-09 08:50:50.668","-0.67","Rain","18.68","42.84",,"180.0"
"74fc0d4b-e420-49e1-bb07-f75a603ad424","Vehicle-CodewithYu-123","[51.58537046731186,-0.2690266951239498]","2025-04-09 08:51:23.668","16.09","Sunny","9.62","59.59",,"125.0"
"8d262f40-2e05-4e0e-9815-ffdeaa148086","Vehicle-CodewithYu-123","[51.59533875072212,-0.28703814338096606]","2025-04-09 08:52:21.668","14.87","Sunny","7.34","15.82",,"361.0"
"a8ebc0db-fd5b-4c30-867e-f008c92f30c5","Vehicle-CodewithYu-123","[51.605134432396724,-0.3050577325581683]","2025-04-09 08:53:11.668","13.88","Cloudy","9.35","16.15",,"461.0"
"6fe416f9-88eb-4389-9ee1-d4b28ecf9f40","Vehicle-CodewithYu-123","[51.61491103810475,-0.3230718648328474]","2025-04-09 08:53:52.668","4.53","Sunny","6.02","56.74",,"365.0"
"c4c59af5-165b-4cd0-a06b-851b6b90fa8e","Vehicle-CodewithYu-123","[51.62432742956925,-0.3407225824547486]","2025-04-09 08:54:39.668","13.8","Cloudy","23.22","75.53",,"356.0"
"4856f44b-eb91-430f-8671-b17007961b27","Vehicle-CodewithYu-123","[51.634053529653166,-0.3583310066137131]","2025-04-09 08:55:12.668","-4.35","Cloudy","14.71","0.72",,"29.0"
"91eee404-9ff7-483b-8137-f61413e03911","Vehicle-CodewithYu-123","[51.64420116505342,-0.37638614926382447]","2025-04-09 08:55:49.668","11.72","Snow","6.07","47.3",,"47.0"
"42d28292-fb55-446b-bf5d-7295179c6b47","Vehicle-CodewithYu-123","[51.653912743676436,-0.3940451245957878]","2025-04-09 08:56:42.668","15.03","Sunny","10.07","33.93",,"124.0"
"1dbaadd2-d26f-433a-bd6c-7640ef3b6e65","Vehicle-CodewithYu-123","[51.66334092597353,-0.4119876365600006]","2025-04-09 08:57:26.668","8.74","Sunny","1.26","99.93",,"484.0"
"a779273b-33a6-4516-a29f-cc58cb7e1d5f","Vehicle-CodewithYu-123","[51.67303534003148,-0.4296322781420296]","2025-04-09 08:58:23.668","6.75","Snow","6.63","78.41",,"211.0"
"876c7a10-7914-475b-8058-7dffa3727400","Vehicle-CodewithYu-123","[51.68247813685676,-0.447461570316535]","2025-04-09 08:59:23.668","-3.11","Rain","1.43","58.42",,"426.0"
"69406726-e9b3-4df4-8c1e-a16b73fd3306","Vehicle-CodewithYu-123","[51.69272691576003,-0.46550745885129446]","2025-04-09 08:59:58.668","21.72","Snow","3.0","89.03",,"297.0"
"10022788-a0b7-4ba9-946d-5aa8bcec894e","Vehicle-CodewithYu-123","[51.70243414067537,-0.4830497865620032]","2025-04-09 09:00:44.668","15.76","Rain","5.97","39.58",,"149.0"
"4a9cdf26-e62d-4259-bc07-18b5bb0fa4ce","Vehicle-CodewithYu-123","[51.711731456132256,-0.5005546273065101]","2025-04-09 09:01:32.668","1.61","Rain","3.31","34.9",,"122.0"
"2c22e780-9715-4d22-b502-ad32b56a6f55","Vehicle-CodewithYu-123","[51.72145764070526,-0.5181374093442486]","2025-04-09 09:02:11.668","15.27","Sunny","16.7","55.46",,"51.0"
"1957c33d-ab74-4bd6-a7fa-bbe97eecb1a8","Vehicle-CodewithYu-123","[51.73086106937568,-0.5361563733665392]","2025-04-09 09:02:58.668","1.53","Rain","5.09","63.42",,"244.0"
"69bb4e69-a6fa-4ea6-833c-2172c1204032","Vehicle-CodewithYu-123","[51.740783353822984,-0.553453025277167]","2025-04-09 09:03:29.668","14.75","Rain","4.04","44.18",,"280.0"
"01b8dcd2-0850-40c8-873a-8eee5e56b836","Vehicle-CodewithYu-123","[51.751016404762034,-0.5708880056534111]","2025-04-09 09:04:03.668","13.06","Cloudy","10.74","4.18",,"466.0"
"4fa57644-1196-4d73-896a-38ecb9341fdd","Vehicle-CodewithYu-123","[51.760514481300376,-0.5887644759141882]","2025-04-09 09:04:36.668","22.12","Cloudy","23.14","23.67",,"399.0"
"a324960d-b3ac-4ae2-80b8-3cdd32b3a578","Vehicle-CodewithYu-123","[51.76982726766227,-0.6061539114424331]","2025-04-09 09:05:16.668","15.77","Cloudy","6.67","78.74",,"436.0"
"9679a176-3f2b-42eb-8061-58e88186a85b","Vehicle-CodewithYu-123","[51.7793148404923,-0.6233614595412037]","2025-04-09 09:05:57.668","2.06","Sunny","16.5","39.85",,"34.0"
"a7b8466b-6229-4b14-9cde-e8391b158f92","Vehicle-CodewithYu-123","[51.78924432223091,-0.6410877811568436]","2025-04-09 09:06:53.668","-1.42","Rain","4.46","96.25",,"54.0"
"9c6db8c8-67db-455c-a750-4b2c6266633f","Vehicle-CodewithYu-123","[51.79926086729156,-0.6589001038426486]","2025-04-09 09:07:42.668","22.88","Cloudy","6.37","70.88",,"462.0"
"a6f7dfc2-ed6e-4557-a432-4d709a760ff9","Vehicle-CodewithYu-123","[51.80891308876334,-0.6769561300315223]","2025-04-09 09:08:33.668","15.57","Sunny","17.99","30.03",,"204.0"
"50e6bab5-c1fe-473f-9d4d-bb1315174b8d","Vehicle-CodewithYu-123","[51.81875550124101,-0.6948902899385322]","2025-04-09 09:09:24.668","22.99","Rain","10.15","83.37",,"105.0"
"82ec935a-e8c9-4738-b0f4-ef3b6778dff6","Vehicle-CodewithYu-123","[51.82850848943126,-0.7125741301392274]","2025-04-09 09:10:00.668","24.75","Cloudy","16.47","28.38",,"309.0"
"12b2e6f5-b094-4cc3-af1b-e7dbdb6590d5","Vehicle-CodewithYu-123","[51.838469285101816,-0.7304754894732302]","2025-04-09 09:10:36.668","25.5","Sunny","11.39","88.61",,"359.0"
"cbe1193b-5ebb-4890-b132-11634d590fad","Vehicle-CodewithYu-123","[51.848156937964696,-0.7484539181281389]","2025-04-09 09:11:28.668","18.87","Sunny","19.46","21.88",,"347.0"
"07c09c5e-7464-43c3-8d6c-5503c1e602a0","Vehicle-CodewithYu-123","[51.85800234375873,-0.7656624481136834]","2025-04-09 09:12:01.668","15.69","Rain","23.75","89.14",,"359.0"
"27a9457b-e5fb-4536-8e97-20c19f783485","Vehicle-CodewithYu-123","[51.86812091292845,-0.7832405761630726]","2025-04-09 09:12:59.668","8.95","Cloudy","21.0","27.73",,"242.0"
"916bceef-0e77-4d85-84fd-ec58de464287","Vehicle-CodewithYu-123","[51.877848785521714,-0.8006530313004616]","2025-04-09 09:13:36.668","11.74","Cloudy","3.77","38.3",,"106.0"
"9fe88792-f5a9-425a-86df-f4733a89c90a","Vehicle-CodewithYu-123","[51.887467666912755,-0.8183131069971105]","2025-04-09 09:14:07.668","23.05","Sunny","21.42","76.56",,"2.0"
"253cf4fb-0695-4a7d-aa9e-0da1e767f404","Vehicle-CodewithYu-123","[51.89750914203781,-0.8355856590465414]","2025-04-09 09:15:07.668","17.77","Cloudy","12.21","27.29",,"194.0"
"39605a6a-70be-4a3e-a544-7b8d234128c9","Vehicle-CodewithYu-123","[51.907637647700874,-0.8527921174258725]","2025-04-09 09:15:56.668","13.35","Sunny","2.1","42.86",,"90.0"
"b2a2f53f-a505-4d6b-a57c-848ba16318ce","Vehicle-CodewithYu-123","[51.917253000367815,-0.870463418100856]","2025-04-09 09:16:36.668","18.31","Snow","6.31","8.19",,"269.0"
"ae7bed56-e14f-495f-a00c-1c9747cfa773","Vehicle-CodewithYu-123","[51.92719114446106,-0.8878081850512451]","2025-04-09 09:17:26.668","2.67","Sunny","15.53","23.85",,"57.0"
"339be9ec-71a4-437d-be01-fd8f1827269b","Vehicle-CodewithYu-123","[51.93717860943231,-0.905167286952889]","2025-04-09 09:18:01.668","17.27","Cloudy","24.12","10.81",,"155.0"
"c690b509-e78c-40c3-9785-d43f5075dd50","Vehicle-CodewithYu-123","[51.94740808003085,-0.9230949571757973]","2025-04-09 09:18:49.668","-1.84","Rain","21.26","60.04",,"491.0"
"fc8846aa-ed14-4312-8f76-0758a5684e41","Vehicle-CodewithYu-123","[51.95722882527616,-0.9405594358351099]","2025-04-09 09:19:21.668","21.34","Snow","2.64","96.08",,"414.0"
"20431857-e477-4930-b972-0acdd4b401a8","Vehicle-CodewithYu-123","[51.966692962237246,-0.9581636890881715]","2025-04-09 09:20:11.668","11.68","Snow","11.62","82.57",,"161.0"
"ce24fabf-b804-4d36-8246-8519a666cd50","Vehicle-CodewithYu-123","[51.97625989048644,-0.9758388870879777]","2025-04-09 09:21:05.668","6.75","Sunny","12.36","32.5",,"177.0"
"c87283a7-7fd8-43ae-be70-95ae27f39eb0","Vehicle-CodewithYu-123","[51.98582754897448,-0.9933687320800403]","2025-04-09 09:22:03.668","24.39","Sunny","6.03","40.64",,"120.0"
"b3ea453e-5a5f-47a9-a5f3-6025f24ccd72","Vehicle-CodewithYu-123","[51.995563723524064,-1.0114774888206919]","2025-04-09 09:22:42.668","4.49","Rain","11.83","53.09",,"372.0"
"78e888b2-4376-424b-9b5d-aff3735d3aa2","Vehicle-CodewithYu-123","[52.00555457846625,-1.0293325723937157]","2025-04-09 09:23:20.668","4.78","Cloudy","4.79","73.86",,"294.0"
"6727b680-2eda-4bb3-b3b3-2786dd9925d1","Vehicle-CodewithYu-123","[52.01582308909671,-1.0466259440303884]","2025-04-09 09:23:59.668","-4.56","Cloudy","6.86","97.43",,"348.0"
"08c75cf8-716a-440b-81c1-b4553f5fc8dd","Vehicle-CodewithYu-123","[52.025213676743505,-1.064739678627013]","2025-04-09 09:24:38.668","0.72","Sunny","6.31","86.17",,"32.0"
"3b0397d6-5db8-41df-aa52-11ac9aafbb92","Vehicle-CodewithYu-123","[52.035078697899976,-1.0821792276087567]","2025-04-09 09:25:12.668","4.42","Cloudy","2.96","76.44",,"395.0"
"aec5114a-c65e-433b-bc67-92bc64a12cff","Vehicle-CodewithYu-123","[52.04481721236487,-1.0998625066047374]","2025-04-09 09:26:09.668","12.63","Sunny","15.24","74.01",,"103.0"
"7a50cab7-91e7-4c91-bd60-9e6d3f079f31","Vehicle-CodewithYu-123","[52.05476564050206,-1.1178314495113564]","2025-04-09 09:26:44.668","7.66","Snow","7.28","23.15",,"351.0"
"a70f88f8-40b5-434e-9dac-da99248fd223","Vehicle-CodewithYu-123","[52.06474102542213,-1.1350335384668737]","2025-04-09 09:27:39.668","19.92","Cloudy","10.63","54.46",,"454.0"
"4f804289-acbd-4c43-a7c8-4261b8443db7","Vehicle-CodewithYu-123","[52.074088663461644,-1.1523669099006413]","2025-04-09 09:28:28.668","3.95","Sunny","11.72","30.41",,"136.0"
"3d139a94-c8b7-485a-b971-b49089f6e84e","Vehicle-CodewithYu-123","[52.08381442232522,-1.1698948732386]","2025-04-09 09:29:26.668","2.76","Sunny","5.72","67.43",,"293.0"
"8b6fe892-f1ce-4700-a9a4-8a0e90e339d2","Vehicle-CodewithYu-123","[52.093678669309824,-1.1872577642344282]","2025-04-09 09:30:01.668","23.4","Cloudy","24.92","43.59",,"484.0"
"6f7dac5f-5e98-49fa-8d80-e50beced11f2","Vehicle-CodewithYu-123","[52.10337501740325,-1.2050627059784715]","2025-04-09 09:30:34.668","16.5","Rain","16.56","40.05",,"18.0"
"a047c1da-f425-4406-a9c5-68cc7a369164","Vehicle-CodewithYu-123","[52.1129154162542,-1.2230727843770406]","2025-04-09 09:31:28.668","25.63","Snow","10.33","18.76",,"378.0"
"81a1f79e-114d-4b1e-b1f6-a53263e8e00f","Vehicle-CodewithYu-123","[52.12240697449255,-1.2406495647379552]","2025-04-09 09:32:27.668","10.03","Sunny","24.33","60.89",,"79.0"
"6a8820fa-9b52-4cf0-88d5-0c1ad4bc2c3d","Vehicle-CodewithYu-123","[52.1322472259016,-1.2586823555366735]","2025-04-09 09:33:23.668","-1.36","Cloudy","12.46","71.66",,"136.0"
"bebbdbe6-2fc4-455f-a84f-3e24dfc210cb","Vehicle-CodewithYu-123","[52.14177895680768,-1.276257090459793]","2025-04-09 09:34:05.668","18.14","Cloudy","21.6","27.62",,"207.0"
"c5453204-81aa-4521-88b3-2875cc97c742","Vehicle-CodewithYu-123","[52.151887506280865,-1.29410025147651]","2025-04-09 09:34:44.668","15.46","Cloudy","11.16","48.43",,"381.0"
"8698b9d1-4b93-4263-9be9-1dced608bf57","Vehicle-CodewithYu-123","[52.16210835853658,-1.311356649793276]","2025-04-09 09:35:36.668","21.54","Snow","1.09","74.47",,"405.0"
"64845c5b-89f7-43fc-b985-00c80ef96e07","Vehicle-CodewithYu-123","[52.171891687186196,-1.3294456301819304]","2025-04-09 09:36:22.668","-1.89","Snow","2.49","91.04",,"72.0"
"67bdd6e6-6cd2-44ce-ba46-9bfb2d7d6de0","Vehicle-CodewithYu-123","[52.18164917778718,-1.346602426551356]","2025-04-09 09:37:02.668","-2.51","Rain","21.31","85.93",,"158.0"
"e4e2bf5b-5a71-4fdc-aaff-c7e427041574","Vehicle-CodewithYu-123","[52.191554637248785,-1.364493656308254]","2025-04-09 09:37:53.668","18.15","Snow","24.46","76.04",,"50.0"
"3c827ab4-6dd3-4c5b-8e4b-d9b27427b159","Vehicle-CodewithYu-123","[52.201746061310836,-1.3825736653395766]","2025-04-09 09:38:48.668","8.35","Cloudy","13.28","56.59",,"84.0"
"8ce798e2-2b58-438d-be04-f72b17e6f699","Vehicle-CodewithYu-123","[52.21165377167937,-1.40045883554772]","2025-04-09 09:39:47.668","14.78","Snow","6.38","0.94",,"450.0"
"b99f435b-c81f-4df6-8aee-f97398f70b35","Vehicle-CodewithYu-123","[52.221015633579654,-1.4176395999127853]","2025-04-09 09:40:35.668","16.4","Snow","21.13","19.92",,"241.0"
"fe2bc22f-ddf3-40b9-a62b-72c906e4c7ea","Vehicle-CodewithYu-123","[52.230875556272004,-1.4351907879826067]","2025-04-09 09:41:27.668","15.41","Rain","0.2","86.51",,"486.0"
"1911ed36-51cb-45da-996c-93e8cd768961","Vehicle-CodewithYu-123","[52.24099639517168,-1.4524138530641568]","2025-04-09 09:42:21.668","5.92","Cloudy","15.52","67.78",,"329.0"
"8f4451d5-403c-4e40-92a1-c8286e6f3162","Vehicle-CodewithYu-123","[52.25118779887575,-1.4698935124552661]","2025-04-09 09:43:00.668","6.31","Cloudy","2.25","29.51",,"87.0"
"0b9d0430-b089-47ac-b3db-a9a94a3773b0","Vehicle-CodewithYu-123","[52.26100665124945,-1.4871060254807844]","2025-04-09 09:43:56.668","24.27","Rain","18.66","33.87",,"481.0"
"e495f225-4bda-4927-9e1d-910a6ad2507e","Vehicle-CodewithYu-123","[52.27115479184635,-1.5045078087687087]","2025-04-09 09:44:38.668","6.34","Snow","0.35","53.66",,"336.0"
"5f4c3d47-9335-4e4c-a595-98d95c866bd4","Vehicle-CodewithYu-123","[52.28126520914758,-1.521693516876929]","2025-04-09 09:45:11.668","14.21","Rain","22.88","22.14",,"411.0"
"976c9500-ce9d-4523-8253-644e80fdfb03","Vehicle-CodewithYu-123","[52.290669885084306,-1.5397741700659155]","2025-04-09 09:45:42.668","-1.99","Cloudy","9.72","37.1",,"348.0"
"21dc6ab1-7860-4b63-825b-4c0a465a5fd7","Vehicle-CodewithYu-123","[52.30054522542986,-1.5571735709153582]","2025-04-09 09:46:40.668","10.17","Snow","23.48","27.97",,"108.0"
"312de3f6-d2b3-436b-beee-1cc5c7d244f8","Vehicle-CodewithYu-123","[52.31068867562316,-1.5752002162907521]","2025-04-09 09:47:31.668","14.99","Sunny","9.95","18.98",,"424.0"
"9518a16e-9c75-41c6-8695-db9756661486","Vehicle-CodewithYu-123","[52.32063944436123,-1.592684511823519]","2025-04-09 09:48:20.668","5.34","Cloudy","19.67","20.52",,"277.0"
"e89eff25-c17a-4a01-98c1-4ee56c3b3591","Vehicle-CodewithYu-123","[52.33074049734235,-1.6105775131444728]","2025-04-09 09:49:14.668","-4.91","Cloudy","24.69","54.02",,"54.0"
"b156e32d-1af7-4b3c-a6c5-797cb6d9dca8","Vehicle-CodewithYu-123","[52.34004335766958,-1.627913528480238]","2025-04-09 09:49:51.668","3.23","Cloudy","18.54","52.61",,"238.0"
"76c19f95-0280-4474-9132-da2d4d9f2901","Vehicle-CodewithYu-123","[52.349783363089486,-1.6458179787238196]","2025-04-09 09:50:40.668","21.88","Rain","11.45","96.4",,"239.0"
"7863fcd8-f21c-4e82-8e9c-fbf9197af588","Vehicle-CodewithYu-123","[52.35975746058555,-1.6634537098696753]","2025-04-09 09:51:39.668","4.99","Cloudy","1.64","27.5",,"274.0"
"bc47f6d4-7526-420f-a327-6203b3251027","Vehicle-CodewithYu-123","[52.37004008834141,-1.681049153032244]","2025-04-09 09:52:23.668","19.59","Sunny","21.32","65.09",,"360.0"
"3995d9c4-edbb-4cdc-8088-3caee8f23b8b","Vehicle-CodewithYu-123","[52.37977964325738,-1.6989466594578793]","2025-04-09 09:53:03.668","17.62","Rain","10.67","66.51",,"76.0"
"7816788d-799a-4853-9fb2-caa9729d7921","Vehicle-CodewithYu-123","[52.38915886804575,-1.7169872951005476]","2025-04-09 09:53:46.668","20.16","Sunny","14.66","56.16",,"61.0"
"d683bc4a-c19e-4064-bca9-c0fdf1b893c0","Vehicle-CodewithYu-123","[52.399314960194616,-1.7343922344218015]","2025-04-09 09:54:46.668","-1.79","Cloudy","3.87","48.22",,"175.0"
"91b9e840-1a46-4dd9-96bf-804db6c29259","Vehicle-CodewithYu-123","[52.40871784550815,-1.7522396662093065]","2025-04-09 09:55:23.668","25.21","Sunny","15.22","65.78",,"14.0"
"414cbfb8-ceb6-45b1-90a0-1c8ee01e3c0e","Vehicle-CodewithYu-123","[52.418927383029185,-1.7700146427885695]","2025-04-09 09:55:58.668","7.42","Cloudy","18.52","97.18",,"265.0"
"ebdc033d-432f-43d5-a907-a2b4f5c46ac3","Vehicle-CodewithYu-123","[52.42866902881986,-1.7879832335127244]","2025-04-09 09:56:37.668","12.6","Sunny","22.08","15.56",,"24.0"
"4fbbd7bc-b2c7-4a59-810b-af8ae899b385","Vehicle-CodewithYu-123","[52.43840014179419,-1.8056852187396113]","2025-04-09 09:57:26.668","18.4","Sunny","8.63","11.09",,"296.0"
"ce1aa772-3a1c-4e35-8239-1e16f53971ce","Vehicle-CodewithYu-123","[52.447733559156795,-1.8234159553435236]","2025-04-09 09:58:15.668","24.31","Cloudy","19.1","28.94",,"248.0"
"30e587dc-9b68-44bf-aaf2-c061c218b34a","Vehicle-CodewithYu-123","[52.45715074485855,-1.841009372995656]","2025-04-09 09:58:52.668","19.99","Sunny","9.93","74.2",,"229.0"
"1aaff8d0-1f6e-4c95-b851-051efdaa3f85","Vehicle-CodewithYu-123","[52.46701450401929,-1.85856197331477]","2025-04-09 09:59:44.668","7.56","Rain","4.3","94.76",,"344.0"
"67f6b602-e382-4d8e-acd2-c2a23fe5f084","Vehicle-CodewithYu-123","[52.47673921579886,-1.8765821101813744]","2025-04-09 10:00:27.668","7.27","Rain","18.65","22.16",,"38.0"
"5442255d-f5f0-49c3-917d-0b71e7e66c47","Vehicle-CodewithYu-123","[51.51732742679845,-0.14590098924477735]","2025-04-09 09:06:38.188","-1.82","Sunny","14.76","3.18",,"116.0"
"a7395fb4-f449-4a5f-927b-69f3425c3f22","Vehicle-CodewithYu-123","[51.52717667186139,-0.16331096963185496]","2025-04-09 09:07:30.188","13.27","Sunny","18.97","15.97",,"138.0"
"114d5bff-6bea-43ef-b9e8-b0d9071e44d2","Vehicle-CodewithYu-123","[51.53656688213791,-0.1810570423312176]","2025-04-09 09:08:11.188","20.02","Snow","13.41","97.31",,"276.0"
"a9b942bb-fcbc-4e7a-b4bc-a86f1d9e2ac9","Vehicle-CodewithYu-123","[51.54643223428317,-0.1984784704950027]","2025-04-09 09:08:42.188","25.54","Cloudy","21.66","38.01",,"417.0"
"f1ee37fc-41cb-44fd-9dad-f808fc0f734c","Vehicle-CodewithYu-123","[51.5560755049834,-0.215934295320625]","2025-04-09 09:09:34.188","13.88","Cloudy","13.35","24.48",,"134.0"
"54d64ef3-e62b-4f88-83f0-a7d84f3b64bb","Vehicle-CodewithYu-123","[51.56604811923439,-0.23321744340043518]","2025-04-09 09:10:28.188","19.96","Snow","6.69","21.1",,"438.0"
"760fab43-9728-43a8-866f-9df312a05c52","Vehicle-CodewithYu-123","[51.575991557899684,-0.2509478114993745]","2025-04-09 09:11:27.188","-0.67","Rain","18.68","42.84",,"180.0"
"b653f06a-2db8-4c9b-80e2-a90330e2f76f","Vehicle-CodewithYu-123","[51.58537046731186,-0.2690266951239498]","2025-04-09 09:12:00.188","16.09","Sunny","9.62","59.59",,"125.0"
"eeeea16b-71ed-4c06-ac16-3260324fb14d","Vehicle-CodewithYu-123","[51.59533875072212,-0.28703814338096606]","2025-04-09 09:12:58.188","14.87","Sunny","7.34","15.82",,"361.0"
"a8eef30b-0be4-4a9f-b4b0-158492264ec9","Vehicle-CodewithYu-123","[51.605134432396724,-0.3050577325581683]","2025-04-09 09:13:48.188","13.88","Cloudy","9.35","16.15",,"461.0"
"1128f51d-5bda-4d79-b722-7d0a39a241d6","Vehicle-CodewithYu-123","[51.61491103810475,-0.3230718648328474]","2025-04-09 09:14:29.188","4.53","Sunny","6.02","56.74",,"365.0"
"568ae77c-4ec3-429d-88ec-ca24cc35fb28","Vehicle-CodewithYu-123","[51.62432742956925,-0.3407225824547486]","2025-04-09 09:15:16.188","13.8","Cloudy","23.22","75.53",,"356.0"
"ff0822d0-3dea-461d-a52f-d4c1d8dbbd57","Vehicle-CodewithYu-123","[51.634053529653166,-0.3583310066137131]","2025-04-09 09:15:49.188","-4.35","Cloudy","14.71","0.72",,"29.0"
"2bad4ddf-ad00-423e-a8e8-793af37a7859","Vehicle-CodewithYu-123","[51.64420116505342,-0.37638614926382447]","2025-04-09 09:16:26.188","11.72","Snow","6.07","47.3",,"47.0"
"982ae1e9-5ebb-44cc-941c-251a42370a6d","Vehicle-CodewithYu-123","[51.653912743676436,-0.3940451245957878]","2025-04-09 09:17:19.188","15.03","Sunny","10.07","33.93",,"124.0"
"64fe68bc-95c5-4d11-98f7-dc190e6b13e8","Vehicle-CodewithYu-123","[51.66334092597353,-0.4119876365600006]","2025-04-09 09:18:03.188","8.74","Sunny","1.26","99.93",,"484.0"
"6e64b80f-efbd-49e0-a01c-611a9170336d","Vehicle-CodewithYu-123","[51.67303534003148,-0.4296322781420296]","2025-04-09 09:19:00.188","6.75","Snow","6.63","78.41",,"211.0"
"f76cb6d6-b37f-48f7-a30a-e988f03973e7","Vehicle-CodewithYu-123","[51.68247813685676,-0.447461570316535]","2025-04-09 09:20:00.188","-3.11","Rain","1.43","58.42",,"426.0"
"11c6e659-3a4a-412a-a22a-0cc52f8b022f","Vehicle-CodewithYu-123","[51.69272691576003,-0.46550745885129446]","2025-04-09 09:20:35.188","21.72","Snow","3.0","89.03",,"297.0"
"91be6a90-9f4f-406f-8e7e-bbfab984bddb","Vehicle-CodewithYu-123","[51.70243414067537,-0.4830497865620032]","2025-04-09 09:21:21.188","15.76","Rain","5.97","39.58",,"149.0"
"c0773548-3a8b-4099-b4bd-a71f9b0cae98","Vehicle-CodewithYu-123","[51.711731456132256,-0.5005546273065101]","2025-04-09 09:22:09.188","1.61","Rain","3.31","34.9",,"122.0"
"4dd80335-9651-4dc5-94e7-40f974a65443","Vehicle-CodewithYu-123","[51.51732742679845,-0.14590098924477735]","2025-04-09 09:10:57.591","-1.82","Sunny","14.76","3.18",,"116.0"
"3d9ebef6-622f-49e1-88e1-d045b7ee44bd","Vehicle-CodewithYu-123","[51.52717667186139,-0.16331096963185496]","2025-04-09 09:11:49.591","13.27","Sunny","18.97","15.97",,"138.0"
"79a18358-012f-4500-9849-af544b6aeb95","Vehicle-CodewithYu-123","[51.53656688213791,-0.1810570423312176]","2025-04-09 09:12:30.591","20.02","Snow","13.41","97.31",,"276.0"
"1ceef57f-bd1a-493e-a424-23fcbe4f2923","Vehicle-CodewithYu-123","[51.54643223428317,-0.1984784704950027]","2025-04-09 09:13:01.591","25.54","Cloudy","21.66","38.01",,"417.0"
"a2d7def9-b50f-4a34-96be-bf5bb0203e69","Vehicle-CodewithYu-123","[51.5560755049834,-0.215934295320625]","2025-04-09 09:13:53.591","13.88","Cloudy","13.35","24.48",,"134.0"
"f5212eb7-cef0-4c92-a754-d5a9c4a20d55","Vehicle-CodewithYu-123","[51.56604811923439,-0.23321744340043518]","2025-04-09 09:14:47.591","19.96","Snow","6.69","21.1",,"438.0"
"cd5f2619-6203-4357-a705-7039b185d51e","Vehicle-CodewithYu-123","[51.575991557899684,-0.2509478114993745]","2025-04-09 09:15:46.591","-0.67","Rain","18.68","42.84",,"180.0"
"2329f6a4-8ed8-4394-9575-fb33723ad7be","Vehicle-CodewithYu-123","[51.58537046731186,-0.2690266951239498]","2025-04-09 09:16:19.591","16.09","Sunny","9.62","59.59",,"125.0"
"f3bb0df8-252f-4eaf-8a26-ba39806e9182","Vehicle-CodewithYu-123","[51.59533875072212,-0.28703814338096606]","2025-04-09 09:17:17.591","14.87","Sunny","7.34","15.82",,"361.0"
"436a045b-aaa4-485c-984a-803f92cef37a","Vehicle-CodewithYu-123","[51.605134432396724,-0.3050577325581683]","2025-04-09 09:18:07.591","13.88","Cloudy","9.35","16.15",,"461.0"
"f264138b-45f2-4e05-a283-4706f2317b69","Vehicle-CodewithYu-123","[51.61491103810475,-0.3230718648328474]","2025-04-09 09:18:48.591","4.53","Sunny","6.02","56.74",,"365.0"
"852790d3-f990-4995-974d-0cd36624418d","Vehicle-CodewithYu-123","[51.62432742956925,-0.3407225824547486]","2025-04-09 09:19:35.591","13.8","Cloudy","23.22","75.53",,"356.0"
"cda601aa-bc96-4ce9-9a5f-5cff16d50174","Vehicle-CodewithYu-123","[51.634053529653166,-0.3583310066137131]","2025-04-09 09:20:08.591","-4.35","Cloudy","14.71","0.72",,"29.0"
"75cc7976-30c0-4f64-9241-b87e1caf1f57","Vehicle-CodewithYu-123","[51.64420116505342,-0.37638614926382447]","2025-04-09 09:20:45.591","11.72","Snow","6.07","47.3",,"47.0"
"5af20e57-e840-42fe-a722-238c747757ca","Vehicle-CodewithYu-123","[51.653912743676436,-0.3940451245957878]","2025-04-09 09:21:38.591","15.03","Sunny","10.07","33.93",,"124.0"
"eff271ab-d8c7-4a60-b608-c6e5ba2ed705","Vehicle-CodewithYu-123","[51.66334092597353,-0.4119876365600006]","2025-04-09 09:22:22.591","8.74","Sunny","1.26","99.93",,"484.0"
"2654bacf-34c6-4f92-a05c-f5c63a784aba","Vehicle-CodewithYu-123","[51.67303534003148,-0.4296322781420296]","2025-04-09 09:23:19.591","6.75","Snow","6.63","78.41",,"211.0"
"a5d51eaa-ce1c-44bb-a1ba-9476f4de05d1","Vehicle-CodewithYu-123","[51.68247813685676,-0.447461570316535]","2025-04-09 09:24:19.591","-3.11","Rain","1.43","58.42",,"426.0"
"c8902180-a31c-43c5-bd40-02446a87fa38","Vehicle-CodewithYu-123","[51.69272691576003,-0.46550745885129446]","2025-04-09 09:24:54.591","21.72","Snow","3.0","89.03",,"297.0"
"982d8001-7956-4839-a0f3-365c0804d818","Vehicle-CodewithYu-123","[51.70243414067537,-0.4830497865620032]","2025-04-09 09:25:40.591","15.76","Rain","5.97","39.58",,"149.0"
"3f092574-753e-4435-9713-86cf787602d3","Vehicle-CodewithYu-123","[51.711731456132256,-0.5005546273065101]","2025-04-09 09:26:28.591","1.61","Rain","3.31","34.9",,"122.0"
"d60f9663-4ad8-4ff2-b8a6-3c4227639205","Vehicle-CodewithYu-123","[51.72145764070526,-0.5181374093442486]","2025-04-09 09:27:07.591","15.27","Sunny","16.7","55.46",,"51.0"
"3164f330-c2e1-47ac-93bf-6647b88d843c","Vehicle-CodewithYu-123","[51.73086106937568,-0.5361563733665392]","2025-04-09 09:27:54.591","1.53","Rain","5.09","63.42",,"244.0"
"be9545fc-9824-4e57-9f85-dfda46d4c0e9","Vehicle-CodewithYu-123","[51.740783353822984,-0.553453025277167]","2025-04-09 09:28:25.591","14.75","Rain","4.04","44.18",,"280.0"
"86ad3807-35a8-4054-aa36-60507811f357","Vehicle-CodewithYu-123","[51.751016404762034,-0.5708880056534111]","2025-04-09 09:28:59.591","13.06","Cloudy","10.74","4.18",,"466.0"
"e3a59f32-342c-44d6-9816-66b35372f848","Vehicle-CodewithYu-123","[51.760514481300376,-0.5887644759141882]","2025-04-09 09:29:32.591","22.12","Cloudy","23.14","23.67",,"399.0"
"57de4c8f-e34e-4fe4-93e6-3163a6471340","Vehicle-CodewithYu-123","[51.76982726766227,-0.6061539114424331]","2025-04-09 09:30:12.591","15.77","Cloudy","6.67","78.74",,"436.0"
"e891de84-2dea-43c6-abfa-b2e57f1eb952","Vehicle-CodewithYu-123","[51.7793148404923,-0.6233614595412037]","2025-04-09 09:30:53.591","2.06","Sunny","16.5","39.85",,"34.0"
"94d6e050-5cd0-4ba2-94f0-6b2703bcbe0b","Vehicle-CodewithYu-123","[51.78924432223091,-0.6410877811568436]","2025-04-09 09:31:49.591","-1.42","Rain","4.46","96.25",,"54.0"
"145bdaf0-885e-43da-89a6-5b063e941035","Vehicle-CodewithYu-123","[51.79926086729156,-0.6589001038426486]","2025-04-09 09:32:38.591","22.88","Cloudy","6.37","70.88",,"462.0"
"cfdeb2e8-fd67-44b9-8ce4-f6e3c52169af","Vehicle-CodewithYu-123","[51.80891308876334,-0.6769561300315223]","2025-04-09 09:33:29.591","15.57","Sunny","17.99","30.03",,"204.0"
"bdcb048b-cd32-48ed-b4e0-fd46cedbea6b","Vehicle-CodewithYu-123","[51.81875550124101,-0.6948902899385322]","2025-04-09 09:34:20.591","22.99","Rain","10.15","83.37",,"105.0"
"7aafbfe5-d1ab-4118-a2e7-8353166eac50","Vehicle-CodewithYu-123","[51.82850848943126,-0.7125741301392274]","2025-04-09 09:34:56.591","24.75","Cloudy","16.47","28.38",,"309.0"
"4747c8f6-4dae-4fe6-8bf4-008fcf804c8b","Vehicle-CodewithYu-123","[51.838469285101816,-0.7304754894732302]","2025-04-09 09:35:32.591","25.5","Sunny","11.39","88.61",,"359.0"
"41f0590a-0573-46b4-a76e-6972f151982e","Vehicle-CodewithYu-123","[51.848156937964696,-0.7484539181281389]","2025-04-09 09:36:24.591","18.87","Sunny","19.46","21.88",,"347.0"
"1e26c668-91e4-4d58-91f9-5b72487e353b","Vehicle-CodewithYu-123","[51.85800234375873,-0.7656624481136834]","2025-04-09 09:36:57.591","15.69","Rain","23.75","89.14",,"359.0"
"28018ff4-147a-4c28-a304-9698f351cdfc","Vehicle-CodewithYu-123","[51.86812091292845,-0.7832405761630726]","2025-04-09 09:37:55.591","8.95","Cloudy","21.0","27.73",,"242.0"
"b981cf32-a28e-40cb-9971-df390e23e8b0","Vehicle-CodewithYu-123","[51.877848785521714,-0.8006530313004616]","2025-04-09 09:38:32.591","11.74","Cloudy","3.77","38.3",,"106.0"
"45e7767c-d09f-4e96-a361-008e56426db0","Vehicle-CodewithYu-123","[51.887467666912755,-0.8183131069971105]","2025-04-09 09:39:03.591","23.05","Sunny","21.42","76.56",,"2.0"
"731e1209-beee-4374-8b94-3ba407ebd5f7","Vehicle-CodewithYu-123","[51.89750914203781,-0.8355856590465414]","2025-04-09 09:40:03.591","17.77","Cloudy","12.21","27.29",,"194.0"
"05735807-da57-4597-9f2d-05157d013f94","Vehicle-CodewithYu-123","[51.907637647700874,-0.8527921174258725]","2025-04-09 09:40:52.591","13.35","Sunny","2.1","42.86",,"90.0"
"80cf92c9-0493-4450-8f17-a1d9db995a74","Vehicle-CodewithYu-123","[51.917253000367815,-0.870463418100856]","2025-04-09 09:41:32.591","18.31","Snow","6.31","8.19",,"269.0"
"6a13f4ff-1f0d-42c5-a0ac-110f7fd6c9d0","Vehicle-CodewithYu-123","[51.92719114446106,-0.8878081850512451]","2025-04-09 09:42:22.591","2.67","Sunny","15.53","23.85",,"57.0"
"9e3f7b44-1c41-4d81-8313-5b3d5a383e0d","Vehicle-CodewithYu-123","[51.93717860943231,-0.905167286952889]","2025-04-09 09:42:57.591","17.27","Cloudy","24.12","10.81",,"155.0"
"ac8b0874-945f-42f1-a51d-b700cc566819","Vehicle-CodewithYu-123","[51.94740808003085,-0.9230949571757973]","2025-04-09 09:43:45.591","-1.84","Rain","21.26","60.04",,"491.0"
"072a135b-be69-4627-a95c-5f8554e29efa","Vehicle-CodewithYu-123","[51.95722882527616,-0.9405594358351099]","2025-04-09 09:44:17.591","21.34","Snow","2.64","96.08",,"414.0"
"6aa760d9-beff-416d-94aa-086249775ddf","Vehicle-CodewithYu-123","[51.966692962237246,-0.9581636890881715]","2025-04-09 09:45:07.591","11.68","Snow","11.62","82.57",,"161.0"
"670c2655-08b3-4da6-bbcd-7f883b5b1365","Vehicle-CodewithYu-123","[51.97625989048644,-0.9758388870879777]","2025-04-09 09:46:01.591","6.75","Sunny","12.36","32.5",,"177.0"
"2c928fac-0dd9-420a-a444-cf4e5fe1c9ee","Vehicle-CodewithYu-123","[51.98582754897448,-0.9933687320800403]","2025-04-09 09:46:59.591","24.39","Sunny","6.03","40.64",,"120.0"
"9127d1c4-3896-43c9-93f8-9d64a6bbd6c6","Vehicle-CodewithYu-123","[51.995563723524064,-1.0114774888206919]","2025-04-09 09:47:38.591","4.49","Rain","11.83","53.09",,"372.0"
"35e709d2-d65e-4a2c-acb7-907a8243ce1d","Vehicle-CodewithYu-123","[52.00555457846625,-1.0293325723937157]","2025-04-09 09:48:16.591","4.78","Cloudy","4.79","73.86",,"294.0"
"bf3d3afc-8b26-4f95-a7a7-1be377fb86ca","Vehicle-CodewithYu-123","[52.01582308909671,-1.0466259440303884]","2025-04-09 09:48:55.591","-4.56","Cloudy","6.86","97.43",,"348.0"
"db68d9f9-0f62-4cb7-8131-bdfaa7ca2f67","Vehicle-CodewithYu-123","[52.025213676743505,-1.064739678627013]","2025-04-09 09:49:34.591","0.72","Sunny","6.31","86.17",,"32.0"
"4f9adf52-19c0-418f-85a9-04d892987457","Vehicle-CodewithYu-123","[52.035078697899976,-1.0821792276087567]","2025-04-09 09:50:08.591","4.42","Cloudy","2.96","76.44",,"395.0"
"08737096-2192-4ede-b39f-fed939edfe08","Vehicle-CodewithYu-123","[52.04481721236487,-1.0998625066047374]","2025-04-09 09:51:05.591","12.63","Sunny","15.24","74.01",,"103.0"
"2e807872-fcf3-4ed5-8e1a-6def0e695675","Vehicle-CodewithYu-123","[52.05476564050206,-1.1178314495113564]","2025-04-09 09:51:40.591","7.66","Snow","7.28","23.15",,"351.0"
"ffd49d17-1242-495d-af70-7b55717b9b5a","Vehicle-CodewithYu-123","[52.06474102542213,-1.1350335384668737]","2025-04-09 09:52:35.591","19.92","Cloudy","10.63","54.46",,"454.0"
"e1a48ecd-3dc4-4ceb-a854-85cb931f9d9a","Vehicle-CodewithYu-123","[52.074088663461644,-1.1523669099006413]","2025-04-09 09:53:24.591","3.95","Sunny","11.72","30.41",,"136.0"
"8d4b7a21-e00c-46c6-97c9-41657061761d","Vehicle-CodewithYu-123","[52.08381442232522,-1.1698948732386]","2025-04-09 09:54:22.591","2.76","Sunny","5.72","67.43",,"293.0"
"02ff9b19-d43c-460e-9bb8-9fe4ff7645eb","Vehicle-CodewithYu-123","[52.093678669309824,-1.1872577642344282]","2025-04-09 09:54:57.591","23.4","Cloudy","24.92","43.59",,"484.0"
"034c03a4-151b-42d8-adef-c6175c2d4a2c","Vehicle-CodewithYu-123","[52.10337501740325,-1.2050627059784715]","2025-04-09 09:55:30.591","16.5","Rain","16.56","40.05",,"18.0"
"35d93f37-b9c4-4472-9377-4b0edf30cd04","Vehicle-CodewithYu-123","[52.1129154162542,-1.2230727843770406]","2025-04-09 09:56:24.591","25.63","Snow","10.33","18.76",,"378.0"
"aa512b0c-0777-405a-a692-c2cec3a3cef7","Vehicle-CodewithYu-123","[52.12240697449255,-1.2406495647379552]","2025-04-09 09:57:23.591","10.03","Sunny","24.33","60.89",,"79.0"
"9acb893b-09c7-4f62-b42f-5f82d2ba744d","Vehicle-CodewithYu-123","[52.1322472259016,-1.2586823555366735]","2025-04-09 09:58:19.591","-1.36","Cloudy","12.46","71.66",,"136.0"
"2c7d8621-2ecd-42f6-b019-e71da00d2470","Vehicle-CodewithYu-123","[52.14177895680768,-1.276257090459793]","2025-04-09 09:59:01.591","18.14","Cloudy","21.6","27.62",,"207.0"
"e6c5819c-7074-4654-8bda-8246506ab944","Vehicle-CodewithYu-123","[52.151887506280865,-1.29410025147651]","2025-04-09 09:59:40.591","15.46","Cloudy","11.16","48.43",,"381.0"
"75751775-91a8-4f17-8036-fc3c384285d2","Vehicle-CodewithYu-123","[52.16210835853658,-1.311356649793276]","2025-04-09 10:00:32.591","21.54","Snow","1.09","74.47",,"405.0"
"f8e4b928-cef1-4be1-8485-7803a472cd27","Vehicle-CodewithYu-123","[52.171891687186196,-1.3294456301819304]","2025-04-09 10:01:18.591","-1.89","Snow","2.49","91.04",,"72.0"
"2a4146c9-845d-4c66-aa18-6d9fd9906c4c","Vehicle-CodewithYu-123","[52.18164917778718,-1.346602426551356]","2025-04-09 10:01:58.591","-2.51","Rain","21.31","85.93",,"158.0"
"ecba77c8-54c8-4e68-9682-d62835d6a498","Vehicle-CodewithYu-123","[52.191554637248785,-1.364493656308254]","2025-04-09 10:02:49.591","18.15","Snow","24.46","76.04",,"50.0"
"f439d4f8-e2fb-4b18-bf59-0c3dfad7baaf","Vehicle-CodewithYu-123","[52.201746061310836,-1.3825736653395766]","2025-04-09 10:03:44.591","8.35","Cloudy","13.28","56.59",,"84.0"
"0317d9e7-b30d-4deb-b8ba-2dfa4e8e1fbb","Vehicle-CodewithYu-123","[52.21165377167937,-1.40045883554772]","2025-04-09 10:04:43.591","14.78","Snow","6.38","0.94",,"450.0"
"d2e144e9-4423-452a-86e4-fa70c9b5b760","Vehicle-CodewithYu-123","[52.221015633579654,-1.4176395999127853]","2025-04-09 10:05:31.591","16.4","Snow","21.13","19.92",,"241.0"
"cf82db0d-92d5-4b5c-8306-8fe8c18b6720","Vehicle-CodewithYu-123","[52.230875556272004,-1.4351907879826067]","2025-04-09 10:06:23.591","15.41","Rain","0.2","86.51",,"486.0"
"0b55b14d-eee2-482f-97ed-f845436a37a7","Vehicle-CodewithYu-123","[52.24099639517168,-1.4524138530641568]","2025-04-09 10:07:17.591","5.92","Cloudy","15.52","67.78",,"329.0"
"fc2e312f-498b-4cab-85ae-fdad0e499ebc","Vehicle-CodewithYu-123","[52.25118779887575,-1.4698935124552661]","2025-04-09 10:07:56.591","6.31","Cloudy","2.25","29.51",,"87.0"
"4215a8c7-7276-4b7e-88a8-d13416f6462f","Vehicle-CodewithYu-123","[52.26100665124945,-1.4871060254807844]","2025-04-09 10:08:52.591","24.27","Rain","18.66","33.87",,"481.0"
"601478b7-cc4b-4b7a-b1bc-6a6168f2831c","Vehicle-CodewithYu-123","[52.27115479184635,-1.5045078087687087]","2025-04-09 10:09:34.591","6.34","Snow","0.35","53.66",,"336.0"
"a74ac810-8ee2-4d66-b390-7b9d3b2aac36","Vehicle-CodewithYu-123","[52.28126520914758,-1.521693516876929]","2025-04-09 10:10:07.591","14.21","Rain","22.88","22.14",,"411.0"
"18c3a918-087c-4f89-9fe9-88b6144dd787","Vehicle-CodewithYu-123","[52.290669885084306,-1.5397741700659155]","2025-04-09 10:10:38.591","-1.99","Cloudy","9.72","37.1",,"348.0"
"f370c067-c033-456b-9218-7ba616915992","Vehicle-CodewithYu-123","[52.30054522542986,-1.5571735709153582]","2025-04-09 10:11:36.591","10.17","Snow","23.48","27.97",,"108.0"
"79d6a351-2544-4aad-bdf8-34f5dcdd50db","Vehicle-CodewithYu-123","[52.31068867562316,-1.5752002162907521]","2025-04-09 10:12:27.591","14.99","Sunny","9.95","18.98",,"424.0"
"738d79bd-e699-4d9c-9dfb-977a4017cd65","Vehicle-CodewithYu-123","[52.32063944436123,-1.592684511823519]","2025-04-09 10:13:16.591","5.34","Cloudy","19.67","20.52",,"277.0"
"c2750f39-d7df-49b5-9519-2824759d0408","Vehicle-CodewithYu-123","[52.33074049734235,-1.6105775131444728]","2025-04-09 10:14:10.591","-4.91","Cloudy","24.69","54.02",,"54.0"
"c6098513-3f06-409e-83e1-5b63cfde5751","Vehicle-CodewithYu-123","[52.34004335766958,-1.627913528480238]","2025-04-09 10:14:47.591","3.23","Cloudy","18.54","52.61",,"238.0"
"5523c6f2-9c58-4363-ac8d-ac9326ea168d","Vehicle-CodewithYu-123","[52.349783363089486,-1.6458179787238196]","2025-04-09 10:15:36.591","21.88","Rain","11.45","96.4",,"239.0"
"ba894ab3-57a7-4bde-8ec9-8f0c3ef4714b","Vehicle-CodewithYu-123","[52.35975746058555,-1.6634537098696753]","2025-04-09 10:16:35.591","4.99","Cloudy","1.64","27.5",,"274.0"
"f8ba0d32-22b2-414e-ad86-cd36da452759","Vehicle-CodewithYu-123","[52.37004008834141,-1.681049153032244]","2025-04-09 10:17:19.591","19.59","Sunny","21.32","65.09",,"360.0"
"5ac2da61-3dba-407b-83cc-4797fb84c9f2","Vehicle-CodewithYu-123","[52.37977964325738,-1.6989466594578793]","2025-04-09 10:17:59.591","17.62","Rain","10.67","66.51",,"76.0"
"c69583d5-87dd-4c13-a348-240bfcc0670a","Vehicle-CodewithYu-123","[52.38915886804575,-1.7169872951005476]","2025-04-09 10:18:42.591","20.16","Sunny","14.66","56.16",,"61.0"
"d4c0943f-8627-410c-ba59-323a53f92ea6","Vehicle-CodewithYu-123","[52.399314960194616,-1.7343922344218015]","2025-04-09 10:19:42.591","-1.79","Cloudy","3.87","48.22",,"175.0"
"e96dd564-461e-4674-a036-1dca532bdf46","Vehicle-CodewithYu-123","[52.40871784550815,-1.7522396662093065]","2025-04-09 10:20:19.591","25.21","Sunny","15.22","65.78",,"14.0"
"64cbbc7c-f6ce-44e9-8b37-8641cdfe6cea","Vehicle-CodewithYu-123","[52.418927383029185,-1.7700146427885695]","2025-04-09 10:20:54.591","7.42","Cloudy","18.52","97.18",,"265.0"
"06a25ab9-b146-42cf-b39f-c3c0ee731d1b","Vehicle-CodewithYu-123","[52.42866902881986,-1.7879832335127244]","2025-04-09 10:21:33.591","12.6","Sunny","22.08","15.56",,"24.0"
"fcc12fa6-936a-40ca-9803-a5a91d7168eb","Vehicle-CodewithYu-123","[52.43840014179419,-1.8056852187396113]","2025-04-09 10:22:22.591","18.4","Sunny","8.63","11.09",,"296.0"
"68692d19-2ace-4159-ac72-5025e3338831","Vehicle-CodewithYu-123","[52.447733559156795,-1.8234159553435236]","2025-04-09 10:23:11.591","24.31","Cloudy","19.1","28.94",,"248.0"
"031db2a9-0276-4597-b107-c5cffa1cff7a","Vehicle-CodewithYu-123","[52.45715074485855,-1.841009372995656]","2025-04-09 10:23:48.591","19.99","Sunny","9.93","74.2",,"229.0"
"6a15be14-d78a-4c43-9006-3267479008c6","Vehicle-CodewithYu-123","[52.46701450401929,-1.85856197331477]","2025-04-09 10:24:40.591","7.56","Rain","4.3","94.76",,"344.0"
"872c90fa-7d2f-41c4-b58e-0f3740388e74","Vehicle-CodewithYu-123","[52.47673921579886,-1.8765821101813744]","2025-04-09 10:25:23.591","7.27","Rain","18.65","22.16",,"38.0"
"11de7565-06a2-4864-a0f6-74a4614a449c","Vehicle-CodewithYu-123","[51.51732742679845,-0.14590098924477735]","2025-04-09 09:41:53.566","-1.82","Sunny","14.76","3.18",,"116.0"
"c6aa3967-c200-4d04-8427-1455d3df1147","Vehicle-CodewithYu-123","[51.52717667186139,-0.16331096963185496]","2025-04-09 09:42:45.566","13.27","Sunny","18.97","15.97",,"138.0"
"93febc7d-071f-4c54-aba6-e1babf07cf7d","Vehicle-CodewithYu-123","[51.53656688213791,-0.1810570423312176]","2025-04-09 09:52:05.905","20.02","Snow","13.41","97.31",,"276.0"
